Peptide Sequence,Target
TLYGPQLSQKIVQIN,0
PSWGLVVTMFAWGYLLDHVGERMV,1
TMIKTAVAVV,1
AGISSLIIDPNPMFV,1
DPMIVGVLFIEIHMM,0
ELNNALQNLARTISE,1
AGILLGLFYLVAVAR,0
GKAGCQTYKWETFLTSELPG,0
QLSAEYASTAAELSG,1
AAVVRFQEAANKQKQ,1
KILVQANEAETTTASG,1
AAKLATALQSAAPWL,0
SSAGLMVAAASPYVAWMSVT,1
VTLGYTSGT,1
AHAAIAFIAVEAVLG,0
AGGAGGVGAVGGKGG,0
GCSSNKSTTGSGETTTAAGT,1
EPGDIIIDGGNALYT,1
AAKGAGAYAGPRYGF,0
ADSSKYMITLHTPIA,1
EARHVIPFSALCLRLSQLGG,1
IDLNVLLSAAINFFL,1
LQNLARTISEAGQAMASTEGNVT,1
RAQRQRDLEAIRRAYAEM,1
DSGTHSWEYWGAQLNAMKPD,0
FIFTTPQALDNAAKS,0
GLSTHEGALL,0
FLGQNTAAIAATEAQ,1
LTQPLQQLTSLFSQV,0
DGDRHARGFEDLVEV,1
AMPGLLQRLSSAASV,0
EGRLAAWAIELDAAA,0
LLPLLEKVIGAGKPL,1
EGYRRLSRQLAAAHL,0
GIASLFNGALFRAST,0
SLLEIGEGVV,0
MSFVIASPEALLAAA,0
WLYPGAQNL,1
SLAGFVRML,0
DPYILLVSSKVSTVK,1
PAIAATEFDYVEMWA,0
NALQNLARTISEA,1
EPEMLDRLDIVVASV,1
DCGTIRVGSFRGRWLDPRHA,1
KVDSLLGITSADVDVRANPLAAKGV,1
PWVHASLLAQNNTRV,0
AAVIVGSGRIASLYV,1
DEFVSRYIETAQRLF,0
AASGPKVVIDGKDQNVTGSV,0
EVLRILRRRSLAALRA,0
RPGCDAPAY,1
GLLSWLQINQQLGIA,0
AAGVAAWSLIALMIP,1
KDRKWTAQFEHTLLV,0
ALCLRLLTARSRTRA,1
ADVLTMKAVRAATAL,1
YYQSGLSIVMPVGGQSSFYS,1
LLACAVIHA,0
AAIGLSMAGSSAMILAAYHP,1
AALEERYNFLSTQLE,0
ATRLAAAPIAATDGA,0
AIAIAFLAGCSSTKPVSQDTSPKPA,1
LSLLAKTEFAVPRVV,0
ITEILAGYYEPDAEG,0
NTPVRSFLLQLGGIR,0
AEAPAAAAAPEEQVQ,1
AILIRVRNA,1
ALLENIHRVQLNPLE,0
AFTNAGLQFDDLKAM,0
RGRKRTLSDVLNEMR,1
QRPRMLYDYFHQLFA,1
LLFLGVVFL,0
PTLIGLAMGDAGGYKASDMW,1
RPKPDTETY,1
AGGNGGAGGLIWGTA,0
GGGVGYVGGGVASAG,0
AFDYSCIVSLELLAR,0
LHGVRDGLVRDANNY,0
DAVAAVVAPVGVLVY,1
ALGWPRRVSGAAAAC,0
FLLADERVRV,0
EWIRLRRLGRREKFG,0
AGTAVQDSRSHVYAH,1
LRIAAKIYSEADEAW,1
TPVQSQRVDPSAASG,1
ALADLPVTV,1
ASSDITAQLSQLISL,0
VESDAAHLDYGSALL,0
TQLLMAAASA,1
TAMRVTTMK,1
MLFSMHGELYK,1
AAAFETAFALTVPPA,0
GEEYLILSARDVLAV,1
PSKPNGQIWTGVIGSPAANA,1
AAAATQAEQAATQAQ,0
IHSLLDEGKQSLTKL,1
VDLEELVRQAISALL,0
DYQGLIGFSGTLTIP,0
GRKRPIVRILRRVHH,0
WMCDRAVDL,1
NFERISGDLKTQIDQV,1
GVRNHRLLLLRHGET,0
RRLKLGDKVYFRHTKAGELCE,1
SVFEAEVVAPAMAAP,0
ARYIRRTIAAQRALE,0
YAGTLQSLGAEIAVEQAA,1
ALEDLVRAYQSMSGT,1
EEISQLLYWTQVLMI,0
NRSGLISLVISNLFG,0
ERLHVTPSAVSQRIKSLEQQ,1
AAASAIQGNVTSIHSL,1
YISNNPSGVGTVVFN,0
EVNIKILIDSLVSAG,1
NMTLLADAMGTVGGAAPGGG,0
NRGYVLSQPGLRKLL,0
DIGLHIIVTCQMSQAYKATMDK,1
GQLRPRVRKDPKIQM,0
KQSLTKLAAAWGGSG,1
FGQNTSAIAAAEAQY,1
YPFEGLRILDLGIIVAGGELS,1
NFVRSSNLKFQDAYNAAGGH,1
ARIVIFFVGSVFLLT,1
ESSALAAAQAMASAAAFETA,1
ICVRVAEQLAELSSE,1
GWIISNIFGAIPVLA,1
AAVVRFQEAANKQK,1
EGVVLLLVGALVL,1
EPYLDPATM,1
LCGEPADVALAERVI,0
GTKVYLDLRVKVAKN,0
VVVPEFLTSAAADVE,0
AASAIQGNVTSIHSL,1
IGRNFYRALLAQQEQ,1
GGTDSLLPLPNIPLL,0
QMKFYAVAL,1
AGIEAAASAIQGNVTSIH,0
ERISGDLKTQIDQVE,1
TLAPQVEPL,1
GNGGMVTGCAETPGCVAYIG,1
SQRIKSLEQQVGQVLVVREK,1
AAAPYAGWLAAAAAR,0
AMSGLLDPSQAMGPTLIGLA,0
AAGVVRDFVPLRPGH,0
LVNLLVNRGPTVPIL,0
PLLINYIPQQLALAI,0
QGPAALAMAAAAAPY,0
KQTGGSFYRAPFLVT,0
RQLADVEVIAASDVE,0
EAVVGMTVAIAALLG,0
ATQARAAAAAFEQAH,0
AVVVLKRLPDALADG,1
DNIGNANIGFGNRGDANIGIGNIGDRNLGIGNTGNW,0
EISTNIRQA,1
VSNAVRHAK,1
KAALTRTASNMNAAADVYAK,0
ASNGLVRRVLGRFVR,0
SVMPAAAAGSSATGGAAP,1
AAVLFAATAAAAAAV,1
RPLVAPPPA,1
AMALLRLPLV,0
YNYPAMMAHAGDMAG,1
MSQIMYNYPAMMAHAGDMAG,1
VRIDNPVGGFSFALPAGWVE,1
LRLERGPLSTEEATT,0
DIGCVFSIDTDAHAP,1
MAEMKTDAATLAQEAGNFERISGDL,1
LQVYSQLKRLLTGRR,0
GLIDIAPHQISS,1
WVGYLERDVPAAAFS,0
DRTRKPFQSVIADTGISVSE,1
AQLGYTIRQLERLLQ,1
AAAQAMASAAAFETA,0
LLCCSGVATA,0
VHAQTVEDEARRMWA,1
DDLTQLRTDAASVFA,0
EEELVRSSGPKLSGK,0
AGGGVTLLQAAPTLD,1
SELPGWLQANRHVKP,1
AGLSFVAVAPTHRRR,0
LDYLRRMTVFLQGLM,1
GLGGLGLFFA,0
AQFVQSLTNGARSYV,0
RIYNTAVVIHRGAVL,0
EVVGMALYMDLRLTV,0
FVQALTTAAASYASV,1
GLWLSVAAV,1
NDPLLNVGKLIANNTRVWVY,1
GGGVGYVGSGVASAG,0
IMILLVLVSA,1
KQMIDDISQLVYLHL,0
FGIPYDRIDVVVHPQ,0
AEMKTDAATL,1
MRRFNGAALETLLTR,0
IRAVGPYAWAGRCGR,0
PYILLVSSKVSTVKD,1
APPPAPAPA,1
VANRALLAELTATNILGQNV,1
MVQKVVAPQDLAAAT,0
AIAAGLNAPRRNRVGRQH,1
RTEQKDFDGRSEFAYGSFVR,1
IPAEFLENF,1
AIAAGALAGVSRIFA,0
SAVGTALALAEVADD,0
QAAERSREALIESGV,0
SQVISYIKARAEASG,0
GNNNLGFGNNGNKNI,0
VDEPAPPARAIADAALAALG,1
SPYVAWMSVTAGQAELTAAQ,1
MLIAGLPCL,1
GLAGGAATA,1
GLIGNGGAGGAGAAT,0
GQSSQALIQQTLPYV,0
ARLIPVQAAERSREA,0
NDTRIVLGRLDQKLYASAEA,1
EQGVPFRVQGDNISVKLFDDWSNLG,1
GRIAVLAYQSLEDRI,0
AQQLAAAGAHVVLTA,0
AAFYAQFVQALSAGGGA,1
QVPSASMGRDIKVQF,1
AAWGGSGSEAYQGVQQKW,1
ERQTFLQLLNTGVPE,0
FGQNTPAIAAAEAIY,0
ARFAKIFDVNLWAPL,0
LAGDAAGAWRTAAVE,0
LSSRFHFPRIYLDYI,0
AGAIQRILRAQLAGD,0
MPFVTTQPEALAAAA,0
ARVNVAVVAEAERRR,0
GGRYQSGAAIIAEHT,0
ARLVVLASGTGSLLR,0
LEPMASILDPGASQSTTN,1
IIRMVDLMISRVAGQ,0
EDEARRMWASAQNIS,1
AWQGPAAAAMAAAAP,0
AILRRRRRIAEPATC,1
MSQIMYNYPAMRAHA,1
CLSLRVLRPSTQDLA,0
QMSDPAYNINISLPSYYPDQ,1
GSYAAAEAASAAPLE,0
AEHRSCAKAQALVAE,0
AASTTAVVSAAADEV,0
LIPARRPQNLLDVTA,0
IESLVSDGLPGVKAALTRTA,0
SLNLRFVSTYRSPDR,1
GQNYTYKWETFLTRE,1
RTVSLPVGADEDDIK,0
EWTVRHTVAAWLAVC,1
TAGSLQGQWRGAAGT,1
GLVDDATLARIDAEA,0
DPVVVAANRSAFVQL,0
ATGVAGLGVGAQSAA,0
AEIGSAISTANGAAA,0
DPGGSGAGVGSAAGN,0
AQAAVVRFQEAANKQKQELD,1
DVLLGDLIVIGGVVV,0
FKQYDLILDGTDNFA,0
FFNDDQYVIDPKAAA,0
ETRLALVRRARRMNR,0
QSPLADELARAVRIG,0
KDFDGRSEFAYGSFV,1
ALDEAAFAAAAELVQ,0
KPDAEEQGVPVSPTASDPALLAEIR,1
DGGYQVLLDGLVRRS,0
SMLFLPVRILTSPIT,0
AGLLEAEHQAIIRDV,0
VRFQEAANKQKQELD,1
IAFNSGLEPGVVAEK,1
QKWDATATELNNALQ,1
ADGWELVAVLPGPTG,0
ARVFLDSVLPALGEE,1
AGQLLSHSGVAGASG,0
ALEDLVRAYQSMSGTHESNT,0
LQANRHVKPTGSAVVGLSM,1
AYQGVQQKW,1
PAPAPAPAEPAPAPAPAGEV,1
ALTEMDYFI,1
GPKEDPAWQRNDPLLNVGKL,1
FLTTQPEELAAAAGK,0
MGRDIKVQFQSGGAN,1
SPYRGSSILWRIHAASALLMMP,0
DISEQGITAAEEFLS,0
QAISAEAMAVQEQLA,0
SMFAAVQAL,1
MSQNASPIAQTISQTAQQAA,0
TSADRAVVL,1
GKVPSWISDIANIFN,0
ALPTVEVVAAAADEV,0
SGAGWSGMAEATSLD,0
TGSAVVGLSMAASSA,1
MGGDAYRTDPLDDQW,0
RLMIGTAAA,0
AYVSWTRSALSDLPRWREPPQIYRGG,1
AHQRLLRDGRGARTI,0
ILQRRVVFRANRAEV,0
AGAQAEAAAAAYEAA,0
GPVRRYVRDVVDSRR,0
ADALMLLYLLSSDEL,0
GAICATIASIQVTEV,0
ITQMIEMIERLIQAG,0
ATELNNALQNLARTI,1
LLDVTAEPARGRKRT,0
GGEIFDQGSIVSHKR,0
DEQRRLEAGMKLGWHPYH,1
DGAIMLARTVVRLAQ,0
ERTFRSTTTVVFDAL,0
WTNTPTKWDNSFLEI,1
DMGLILGICAPLVAR,0
SLEDELDEL,0
VTSIHSLLD,0
AADALFRAIIETLDK,0
DGLLAILAAGASLVQ,1
AAAATQAEGAASQAQ,0
DMFFATVGFALGVFV,0
IQARAAALAFEQAYA,1
AQEWLRFGWFFLVTR,0
AESYQSLGPLLEEIS,0
AGDQSIGDLIAEAMD,1
KMAPVLRQIYDQMAE,1
APTTLLTAMAATVVI,0
GAPRYDPGGGGINVARIVHV,1
GPLTSGILNFGNTVS,0
AAEEVAALRAELAAL,0
WDINTPAFEWYDQSGLSVVM,1
MKEGRYEVRAELPGV,1
GPRTRGYAI,1
APAGVVFSHKNVITN,0
RLANLLPLI,1
AHKVLAMASNRKYGL,0
GPVFTFLAYLVLDPL,0
LELRVSVPPGCVGPLQIALTKVAAE,0
GRSSGAVRHRRRMGS,0
TVEDEARRMWASAQN,1
WPTLIGLAM,1
AATIDQLKTDAKLLS,1
GINLAGLLNSGSGNI,0
MKRGLTVAVAGAAILVAGLS,1
GLVAPAPLAQEREEDDEDDWDEEDD,1
PYAGWLAAAATQAEQ,0
RHIGLAFQLVDDLLG,0
NLLVTGFDT,1
DRPTGTFTFAELLAH,0
IRQAGVQYSRADEEQ,1
AAAQFPFDIIPTLLQ,0
PRHSGIRAVGPYAWA,1
MMAHAGDMAGYAGTL,1
AAGGWDSLAAELATT,1
MASRFMTDPHAMRDM,0
AFVMSFLGAVSTLNG,0
YAEMWAQDA,1
AASNGLGAAAAAEGS,0
LMLADHPEY,1
QQFVQTLNSASGSYA,0
LRPTFDTRLMRLEDE,0
CRRRAWPPRRLRPPT,0
AMGMAASMGEFLLAA,0
LSANRAVKPTGSAAIGLS,1
SLIDLLHKI,1
MALLRLPLV,0
GVGGAGGVSGAGGGT,0
SHITNPAGLAHQAAAVGQAG,1
VSDLKSSTAVIPGYPVAGQV,1
LTERYGG,1
AASLEAEHQAIVRDV,0
SPAANAPDA,1
EQMLIDDGILLRKYW,1
LAAELWLAAASFESV,0
GRDTATAVISALAAL,0
VHVSFVMAYPEMLAA,1
DLGGNNLPAKFLEGFVRTSN,0
ESRWVLHLDMDAFFA,0
MNDGKRAVTSAVLVVLGACLALWLS,1
VVLVLVFAAFIAHPV,0
RNVVLDTMIENLPGE,0
EGKQSLTKLAAAWGGSGSEA,1
LRPTFDTRLMRLEDEMKEGRYE,1
DVTIRFRRFFSRLQR,1
KLTADGVLTA,0
MRATVGLVEAIGIRE,0
VGAALQAGVLKGEVKDVLLL,1
AGAYSYASAEAAAVT,0
PTIQVAAAGADEVSL,0
DMTKIVGLRARAKAA,1
ERGVFLPLSTLKADP,0
ASELRAPAAEEVAAL,0
AAAPAVGAAAAAVED,0
LTQPLQQVTSLFSQV,0
AIVAYTIIIVLILPL,0
AMFGYAATAATATEALLPFE,1
GFRWWTRCRALELGL,0
LLDGLLAWY,1
MLGTGTPNRARINFNC,1
IRGSVTPAVSQFNARTADGI,1
APTTGVLAAAADEVS,0
AGQATAAATAFEAAL,0
AFGQMARAATGWVSV,0
PALFARYRTARDYAQ,0
NMMARGMDL,1
KQQVIAELYEKFFRI,1
IVHNTVVVAELRDRG,0
RLVARLIPVQAAERS,0
AKAQVRSALANQRYH,0
IRSTIRAANAAAAVP,0
GGFGGVSNALRMPPRAYVMPR,1
MSGHALAARTLLAAADEL,1
NEFGFDYLRDNMAHS,0
VRVAAAAYETAYGLTVPPPV,1
WGGSGSEAYQGVQQK,1
EISTNIRQAGVQYSR,1
AYVIDFLAYVYEETR,0
RRARWVVRMLTSLLMFPGRD,1
FDLRAQGINLIIHYV,0
LGGCSTALFPAGGSTGSLLM,1
AWTIAALASATSVAA,0
VMAPLGPIL,1
NGIVTAPTAVNVVLLSIPTSPFAI,0
GPSSDPAWERNDPTQQIPKL,1
VWQGAAAAAMAAAAA,0
AFTSEGIQLLASNAS,0
RTVSLPVGA,1
FVYAGAMSGLLDPSQ,1
AVAASNNPELTTLTAALSGQLNPQV,1
ASAEAANASPLQAVE,0
AYHPQQFIY,1
FWGGAGSVACQEFIT,0
ATETSGGAIAEQPYG,0
RDGQLTIKAERTEQK,0
RLRVADVVMVAPGSI,0
ASPPSTAAA,1
HSNIKIMRIDEFRRYG,1
GPMLAGAAAWEALAA,0
ISSGAATVAALQVAR,0
SAAFVVASGSLPPGVAADYY,1
RSQMSFVIAAPEFLT,0
ARIYAGAGSGPLFMA,0
AGVQYSRADEEQQQA,1
ALLSKTTGDPPFPGQPPPVA,1
EPGLVRIRKPSISQA,0
VTAEPARGRKRTLSD,0
AQFVAATGRPLIGNGANGAPG,1
GQNVSAIAATEARYG,0
QWRGAAGTAA,0
AMLQDMAIL,0
AALAMEVYQAETAVNTLF,1
IPLTINIRIPVNITL,0
AADTGLEAVRQFLNLDVPLF,0
FYSDWYQPACGKAGCQTYKW,0
YPITGKLGSELTMTDTVGQVVLGWK,1
AGSLWAAAAAWDQVS,0
AHAQAYQALSAHVAA,0
GLTVAVAGA,1
LVLVIDDEPQILRAL,1
GQWRGAAGTAAQAAVVRFQE,1
LRLSALRGLFSAVIE,0
PSPSMGRDIKVQFQS,1
AWELLKFFNDDQYVI,0
GGGPRVRIDHRTVVL,0
VMMSEIAGL,1
FLLGPVYISNNPSGV,0
VESTAGSLQGQWRGA,0
DLDSYLVEITAEVLR,1
ARIAFLIRFGTGVLP,0
SEFAYGSFVRTVSLPVGADE,1
MVDFGALPPEINSARMYAGPG,1
HAVYRTMMMHLLRLARSFGVLPV,1
ESIRPLVAPPPAPAPAPAEP,1
AAAVSHAAAASTVQQ,0
AAPYAGWLSAAAARA,0
PPEVNSARVFAGAGS,1
GKKYGPIAALPKYDS,0
ILAKYVQLDFFRHVD,1
RADEEQQQAL,1
EHIHRPNTNNVGPII,1
IRRQCLAAALQRAEP,0
ERSAHRHIHFRRVAG,0
GHRRMVFRFLTSPIEI,1
DRYRQLSSQHLTTAE,0
IVAGIVFTVAVIFFS,0
SDHVVIRALPSSRHV,0
GLVAGLSAV,1
RLDQKLYAS,1
ISEAGQAMASTEGNVTGMFA,1
APFRSALGRPLIGNG,0
STEGNVTGMFA,1
GAGGLLAGAHGAAGA,0
WLPPLLTNL,1
GDLVGPGCAEYAAANPTGPASVQGM,1
AAAHAGAAPAITAVV,0
EMVLRADQL,1
LAQEAGNFERISGDLKTQID,1
YLLALRYLA,0
AAAALVADIVTARLA,0
VYLVWRFIVPVVGRL,1
NDGVIFFFNPGELLPEAAGP,1
IKIFMLVTAVVLLCCSGVAT,1
AMSSTHEANTMAMMARDT,1
FLMPVEDVFI,0
VGAGDAMVAAITVGLSRGWS,1
FISQMVYSFFASLDR,1
AAQGGYGAMALAAFH,0
VSIAPNAGLDPVNYQNFAVT,1
MSWVMVSPELVVAAAADLAG,1
IRAMNYPINAHLRRH,0
GNADVVCGGVSTANATVYMIDSVLM,1
ATAAAAAAVDRGDPP,0
FLLPRGLAI,1
IRQAGVQYSRADEEQQQALSSQMGF,1
RRSFYRIFFDSGFTP,1
DKVLPLVAIVVSVGLAVSYD,1
PADVPSAEQRRAQRQRDL,1
ASELRAPAADEVAAL,0
AAPGGGAAAAVAHAV,0
SWQGAAAAAMAAAAA,0
CQTYKWETF,1
AQSYLRNFL,1
STSRVLDPAAGVTQLLSGVTNLQAQ,1
DYVFVDDVVDAFVRV,0
AWCPEAVTAAAELGE,0
EGKQSLTKL,0
VAPPPPAAA,1
GNNMAQTDSAVGSSWA,0
CSLRLDERSLQTALD,0
RDKFLSAATSSTPREAPYEL,1
SAAIAGLFG,1
QQFVQALTAGAYSYA,0
TMVIPPIVFLPSMTI,0
PALDITTSVDVVRPTEKMRC,1
VLGRLDQKL,1
AGGGGGAGAAGGLGG,0
LTASDFWGGAGSAACQ,0
VTGSVVCTTAAGNVNIAIGG,1
AANGGTAGAGGAGGN,0
PGTEPIWEQL,1
LIESGVLIPARRPQN,1
GGLQHISSGVFLLKASVREL,1
GQPSQATQLLSTPVSQVTTQ,1
LLRAESLPGAGGSLTRTP,1
GTVVLTATFALGAAL,1
IRQAGVQYSRADEEQQQA,1
GPVHIDQIDIPGMSL,0
DPVKGADEVVAFAEE,1
FGVIFGAIWAEEAWG,1
AMPTTEVVAAGADEV,0
STNIRQAGVQYSRAD,1
RAAVVAYETAFAAVV,0
PRRLQIEFSQVIQKI,0
GNNNNNFISQMVYSF,0
ELTARLNSL,1
QIMYNYPAM,1
DAPLITNPGGLLEQAVAVEE,1
QQALSSQMGF,1
ADFVKRQNLGSFTLG,0
MLLRKGTVYVLVIRADLVNAMVAHA,1
LLATVFKLTA,0
RKHRIEDAVRNAKAAVEEGIVAG,1
APIVMVDSVEHLDL,1
RVLLAGWEQFDEPVD,1
VSNLRTGKL,0
MSAGAAQYASAEAAN,0
RRKGRLAALAIAAMA,0
RVNPLAFEEFAALEE,0
ANRHVKPTGSAVVGLSMAAS,1
AGGGVGGIGGAGGAG,0
LVIFAYAIVFAVLAI,0
EMKTDAATL,1
LIGNGGAGGGGGAGA,0
AAFSRMLSLFFRQHI,1
ATISSLVMANLAASA,0
LDQFGRNLTAAAMEG,0
ADSLFFAAEQLRLMY,0
AALAAVDVLVQAELQ,0
MSGHALAARTLLAAADELVG,1
MAEMKTDAATLAQEAGNFER,1
LIHTARIAYVEIDRV,0
AEAVYRAAVQDGVAS,0
FEWYDQSGLSVVMPV,1
DGQKRLKNARVLVIG,0
VANNTRLWVYCGNGTPNELG,1
RLSVPASWSTAAPATAAGAA,1
LRLLVIALKHNVILN,1
AGRVIRRSTATMTSA,0
AAGLAVVGAGVLGAS,0
PDAGPPQRWFVVWLGTANNP,1
QPVRIDNPV,1
GANIPAEFLENFVRSSNLKF,1
LVVADLSFI,1
YDTLWQADTDPLPVVFPIVQ,1
AGALLIKPLLAHAAI,0
AHIDRVRWDDVVSRV,0
YQGWQTQWNQALEDL,1
FTQLDMEMSFVDAED,1
AAETYRSVIASLTGW,0
KATEYNNAAEAFAAQ,0
TNIRQAGVQYSRADE,1
LPGAGGSLTRTPLMSQLIEKPVAPS,1
KAGCQTYKWETFLTSELPGWLQANRHV,1
AGGAGGAGGIGAGGA,0
GRRRRHLALLLRPRH,0
ATGVDMANPMSPVNKSFEIE,0
GGNGGAAGVSGDGTP,0
KNYQLLVTAQTDAEK,0
CRGYDVVILDRYVAS,1
EYSRFVGDVFGAPLAME,0
TLGQLGEMSGPMQQLTQPLQQVTSL,1
AVVSTAIAAFETANA,0
AGVWAVGGVGGDGGS,0
TRHPATATV,0
SWRILDGLIAVMMVALGISLTVT,1
DGAVRRAITAMAGGH,0
ILEDIDDIHIAELTS,0
VDLAKSLRIAAKIYS,1
LLDAHIPQL,1
GGLGGRGVVAGASYE,0
QLTRAEFQRITQDLLDRTRK,1
AAKLAGLVFPQPPAP,1
EMGRAPLDL,1
AYSFLDGASTPEELV,0
IISDVADIIKGTLGE,1
APLDMRMDPTTPLTA,0
KMNAKAATL,0
HSNIKIIRIDEFRRYG,1
AWWTLILFAVIGVAV,0
GAGGAGAATGAGGAG,0
LLFRFMRPL,0
ATAPGGASAGFDGGA,0
DPLKLNAVLTAVADA,0
WLQANRHVKPTGSAV,1
GLWFRFLHSVKAGIK,0
TISEAGQAMASTEGN,1
IVLVRRWPK,1
GPNGGGTVGTVAGGG,0
ASVGSYAAAEAANAS,1
AVLLEKIVADEEEHI,1
QFGDVDAHGAMIRAQ,1
PAVLAVAVVVAFLTTGCIRWST,1
AHAVAFHDQFVQLMS,0
LMVAPELVAAAAADL,0
ARKVLELTFREALRA,0
ISMSFVNVAPQLVST,0
AIPPRGTQAVVLKVYQNAGG,1
AAIAELRHLNPLNIV,0
MINVQAKPAAAASLAAIAIAFLAGC,1
KLFDDWSNLGSISELSTSRVLDPAA,1
EEIALIARWLAEPGV,1
LLAFTNPTV,0
WGAQLNAMK,1
MTTTPRQPLFCAHA,1
FGVMWPNNAAVGATY,0
LTAIRYQIVVMYLLL,1
FSKLPASTIDELKTNSSLLTSILTY,1
ELAAEPTEV,1
VLTASDFWGGAGSAACQGFITQLGR,1
SAGFVGFTNRYAAAN,0
AAAQAMASAAAFEAA,0
ARTISEAGQAMASTE,1
LRPTFDTRLMRLEDEMKEGR,1
QELDEISTNIRQAGV,1
ALGGGATGV,1
RLEDEMKEGRYEVRA,0
TLADLEDMASAWVEH,0
GRQEYATTQFVAERL,0
AANKQKQELDEISTNIRQAGVQYSR,1
SSTAVIPGYPVAGQVWEATATVNAI,1
SSGFFNTGNVSAGYG,0
GTSYKPAVFEAEFGD,0
VANNTRLWV,0
WFINWYLPISQLFYN,1
QAGDLIAVI,1
TGTIVLLMAVERIEL,0
ITVPARWVVNGIERSGEVNA,1
GQSSFYSDWY,1
AGGNGGVGGAAGANG,0
LLEFAVVLELAILSI,1
AEVIAEVWTLLDGEC,0
GSTLRAANAAAAAST,0
SRIDGTHQTLQGADLTVIGARDDLM,1
GLYYLTTEV,0
EAAASAIQGNVTSIH,0
VLFAATAAAAAAVDRGDPP,1
PDSGTHSWEYWGAQLNAMK,1
LVVPTGPAAEQFAGL,0
QWNFAGIEAA,1
GYTSGTGQGNASATKDGSHY,1
YLSEGDMAA,0
GIVIDPNGVV,0
AARRLAAELLNAA,1
KALAAATPMVVWLQTAST,1
SVVMGVNKAK,1
SARLAGIPY,1
SMAGSSAMI,1
AMAAQLQAV,1
GRTLNDAFIVLDEAQ,0
DVIHAFWVPEFLFKR,1
KTIAYDEEARR,1
AFGFRFDLKKSGVSV,0
RGVAGKVVAGIGILAIRWRLPSGT,1
TNIRQAGVQYSRA,1
LAWLVQASANSAAMA,1
LLYDGSFAV,1
PYVIELDGQFCGQLT,1
AGGTGGNAGVALSVG,0
AQRYRDLYYRLHAEV,0
LSVPQAWAAANQAVTPAARA,1
RVQTTVLKAINWFGQ,0
LRTAGVRLAVATSKA,0
ALLRALWIAALSFGL,0
GVQQKWDATATELNN,1
LTSELPQWLSANRAVKPTGS,1
SAAGSYAAAEAANAS,1
PVGGQSSFYSDWYSPACGKA,1
AAHARFVAA,1
AAATAFEAALAATVH,0
ELNNALQNL,1
HRMYRFACRTLMLAA,0
APWQQVLRNLGIDIG,1
LALVGFLGGLITGIS,1
VDESNLQRQIIHGTS,0
TPVRLAEVLVTCA,1
GGLLEQAVAVEEAID,0
MVNKSRMMPAV,1
TYQAWQAQW,1
GQAMASTEGNVTGMF,0
ALPPRAFEL,0
AAFQAAHARFVAAAA,1
ASGGLLPAAEEAALE,0
LFAAFPSFA,1
GPPVEASAAALAGDAAGAWR,1
RTFSSGQRALLWAAGVLGALAIIIAVLLVIKAPG,1
SVGQTLFLFDFRDGI,0
QEAVLTFDYLPQNAP,0
SDGKFVRSETIPEFL,0
ANATVYMIDSVLMPP,1
ATRLAAAPIAATDGP,0
AATAAAAAAVDRGDP,0
AAEQLRLMYNSANMT,0
TAAVELARALVRAVA,0
MAFLRSVSRLAAAVF,1
AIQGNVTSI,1
PLPVVFPIVQGELSKQTGQQ,1
MTDVSRKIRAWGRRLMIGTAAAVVLPGLVGLAGGAATAGA,1
GRGGNGAPGGAGGNG,0
GMFANRWII,1
DLILETADGLIAAIE,0
GVRNYRLLLLRHGET,0
GLAPAAAQAVETAAE,0
PRSMVDLQSAGSSYT,0
DDVEFRLHRVRGRRL,0
AVWAFVMVLAFSRHL,1
AWIANRPPASSHEPS,0
GSLQGQWRGAAGTAA,1
AHARAYQALSAQAAM,0
AASSVGSVITRLSTEHWMGP,0
QSIDFMNRVASIAND,0
GKYGSHWLVDNRPDL,0
EVVRHSVAMLVGTGN,0
GTYRVLEAVRRYRNR,0
TELNNALQNLARTIS,1
VLLLDVTPL,0
APGFGNDTTAPSSGF,0
HVYAHQAQT,1
DFLELLRYLAVELLP,0
TIPEALAAVATDLAG,0
AGGAGGASGGAGARA,0
CQMSFVVTIPEALAA,1
ALLDPSQGMGPSLIGLAMGD,1
MRASPAERVDGAYAGAGPHTQSV,0
GLMTAVYLV,0
KYGGTEIKYNGEEYLI,1
ELPQWLSANR,1
EKMRVAGRIAAGALA,1
AQLLTEFAI,1
AQLSQLISLLPSTLQ,1
AAGAQLLWQLPLLSI,1
NKGRLVARLIPVQAA,0
LSPISNMVSMANNHM,1
ARIERFLQLWAEGSM,0
ENVKEFFWVQEEPAN,0
KVASTLLESFLFYSG,0
MPVGGGSSF,1
YAGTLQSLGADIASE,0
KTQIDQVESTAGSLQ,1
VQYSRADEEQQQALSSQMGF,1
GKTWRTLAKLSLPDK,0
SAIQGNVTSIHSLLD,1
LYRPGLVHIYHALTW,1
AGFGAGVPGDGGIGG,0
EGKQSLTKLAAAWGG,1
TLAGKGISVV,1
GSGPSAGAGLLRAESLPGAGGSLTR,1
GLHPVVAIYSTFLNR,0
RTISEAGQAMASTEG,1
DGGPGGAGANTAGTG,0
AGGTEKIRLADAAAV,0
AGIGSAISAANALVA,0
AQSYQAVSAQAAAFH,0
ANSPALYLLDGLRAQDDFSG,1
ITVNVLYFGAVREAC,0
VDIMVRDGQLTIKAE,0
AVAGAAILVAGLSGCSS,1
APTVAILAAGADEVS,0
YLYVHSPAL,0
RVILHSPYGLRVHGPLAL,1
ALSRVQSMFLGTGGS,1
SQLIEKPVAPSVMPAAAA,1
MANPMSPVNKSFEIEVTCS,1
STIFPFRRLFMVAEV,1
NVTSIHSLLDEGKQSLTKLA,1
AHLRAFRAYAAHSQEI,1
FGMVQFQKFFNPVTP,0
GSSTPVGQLPPAATQTLGQLGEMSG,1
VYLVWRFIVPLVGRL,1
DIASERTAPSRACQGDLGMS,1
GQQYQAMSAQAAAFH,1
RPREATIIY,1
LDLHTLKLRPHAPADRIT,1
AQRSATQAAALVAEF,0
LLVIPVALSASIIRL,1
MFLVDRDRIRGDNAG,0
AGQAELTAAQVRVAAAAYET,1
DWYQPACGKAGCQTYKWETF,1
AVMAGIVRAAK,1
RIAIFYVGSVALLAL,0
NIGFGNRGDANI,0
RPGLDELSFTLTGNPNRPDGGILT,1
AIRQQIAAGNNVTVF,0
MWDSVASDLFSAASAFQSVV,1
VRHRRRMGSTARRGS,0
AAFRQLGRLHDQHGI,0
RAQDDFSGWDINTPA,1
MTNTLHSMLK,1
DRPLVIATLICLVTS,0
ALSRVHSMFLGTGGS,1
RVPEDLLAMVVAVEQ,1
ITLQNYFRLYDKLAG,0
QRSWRMFAPFLRPVF,0
ILPIAEMSVVAMEFG,1
ELVRADVTTPCLLPE,1
AEHQAIVRDVLAAGD,1
RSLFPEFSELFAAFPSFAGL,1
YLSQIAVLL,0
AGGAGGAAGAGTVVA,0
AGCQTYKWETFLTSE,1
LPEHIVIVGSGFIAA,0
GRWDEDGEKRIPLDVA,1
QPPAPIAVSGTDSVVAAINE,0
TDNGAMIAAFAAQLV,1
DDLVGAGVIDAVA,1
GINVARIVHVLGGCSTALFP,1
AAVSSAANNSNIISA,0
QSSFYSDWY,1
HMAQTLGSL,1
MAAIATFAAPVALAAYPITGKLGSE,1
GGFQMSFVIAVPETI,0
WPADVPSAEQRRAQRQRD,1
GRGCAQYAAQNPTGPGSVAGMAQDP,1
FVHAMTAGAGAYAGA,0
LPQWLSANR,1
ALGWAMRRKPFSRFN,0
ADYLRMWIQAATVMS,1
MTANVGDMAGYTGTTQSLGA,1
GGYSQGSAVAGYVTS,0
GYRVRRFAARVVWKL,0
CLSLRVLRPATQDLA,0
LPEIAANHITQAVLTATN,1
AMSGLLDPSQAMGPT,1
VVMPVGGQSSFYSDW,1
KRVWVRLPARHMAHS,0
FHTMVNMLLTCFACQ,0
QVESTAGSLQGQWRGAAGTAAQAAV,1
AGGWLFGVGGAGGVG,0
MIRALAGLLEAEHQA,0
TATELNNALQNLARTISEAGQAMAS,1
EHRVKRGLTVAVAGA,1
RPKPDYSAM,1
ILEHIDHIHIAELTS,0
AGDRAFFCDYVQEYL,0
MWVNRYQHQTTVTVL,0
GSASLVAAAKMWDSVASDLF,1
SAWQGDTGITYQAWQAQW,1
TAVQRSFNRTLLSLM,0
WRGAAGTAAQAAVVR,1
AAVTGGVAGDGGTGG,0
QLPPAATQTL,1
ASIGSTVSAASAAAS,0
GGSGPMPAQLASAEKPATEQ,1
GSGHFVKMVHNGIEY,1
ETTTASGLVIPDTAK,1
ILQLLKDFLELLRYL,0
AAPYAGFLTTASAQA,0
FLAADALVL,0
ACHDDGAALAVFPEL,0
GQTYQALSARAAAFH,0
PAGVGGTALTADLGNASVVG,1
LVCGGVHTANATVYMIDTVLMPPAQ,1
DRPGLLFDDMDDLRD,0
GTGGVGGAGGAGAAA,0
LQNLARTISEAGQAM,1
AISVTAYALAAEVVP,1
EAVLASAAAESAISA,0
AAARIAGIAAAKRTG,0
TVAWTMLGVALSAYE,1
LMYNSANMTAKSLTD,0
AGAYASAEAAAAEQI,0
HAQTVEDEARRMWAS,1
EQIAATAAISAGDQS,1
RLARRARNI,1
NSARMYGGAGAADLLAAAAA,0
LNYRPLLPKDRRMII,1
SWEYWGAQLNAMKPD,1
GTEIRRSDAPRLVDLV,1
GWVESDAAH,1
VWLQTASTQAKTRAMQAT,1
FLTSELPQW,1
AGSGTATAAVAAATT,0
YGSFVRTVSLPVGAD,1
IPVMAYLVGLFAWVL,1
DPDRLILRKYDPILR,0
AAAQASAAAAAYEAA,1
QDAYNAGGGHNGVFDFPDSG,1
DDITINRHPPLNCAV,0
PNAPPPPVI,1
PVTTAAMADPAADLIGRGCAQYAAQ,1
TATSASAGWDTVLQS,0
MDYFIRMWNQAALAMEVY,1
AALETLLTRLNLPDD,0
VVRPTEKMRCGAPRYDPGGG,1
LRAAVDILEDIDDIH,0
GQWRGAAGTAAQAAV,1
VRLLDSSDEFTAEVV,0
AHESLCFAGANLIPL,1
GGNWRSLKNFTDTYD,0
DEARRMWASAQNISG,1
QSLGADIASEQAVLS,0
APFSYSLFYEYRDVH,0
GDEATGANIVKVALE,1
QLRELAYSV,0
DGTFSRMLSWAQIGV,1
QAYLALRAWGLPVSE,1
AAELAPRVVATVPQLVQLAP,0
AGKLRNDTAMVFNGD,0
LPPGVAADYYQRVADICRRS,1
AVSYQQVAAQATALH,0
WYYQSGLSI,1
AVVELGSFDAAAERLHVTPSAVSQR,1
HRDDRYCYFFIPSRK,1
GLFLTTEAVV,0
RDVVLDLLANLYQFPVV,0
AFLLAVPTALGGVGS,0
KPTGSAVV,1
AGPTMGILAAGADEV,0
GSLIFAAVLVMLIAVLARLMMRGWR,1
DQKLYASAEATDSKAAARLG,1
SEAGQAMASTEGNVT,1
LWIWVALTGAAATVL,1
SSAEAANASAQALEQ,0
IGSSIGAANAAAAGS,1
SPSMGRDIKVQFQS,1
AELTRVRQQVIQLLS,0
ARSYVVAEATSAAPL,0
DWPAAYAIGEHLSVE,1
GAVGAALVSGLVGAVGGTAT,0
YQSGLSIVM,1
EHELYVAVLSNALHR,1
LNIYVRRWRTALHATVSALIVAI,1
ITAAATGFEQAFAMT,0
REALIESGVLIPARR,0
QTVEDEARRMWASAQ,1
MAFLRSVSCLAAAVF,1
LTRRLLTMGAAAAML,0
AGGVAVIKAGAATEV,1
AANAAAAAGTTGLLA,0
PGNAAYAVMDEIRDI,0
SVAVSEGKPTEKHIQIRSTN,1
WRHEDIYRVLFGGTD,0
EAANKQKQELDEISTNIR,0
VLGYRNWLG,1
AIDSWRRVVSTAAQL,0
KVVIDGKDQNVTGSVVCTTA,1
PGSPYRLPAGAGRDR,0
FTVAVIFFSGALVLG,0
HPARRAILIEDLLTH,1
AIGSTMRAANAAAAA,0
ADLAAELAAVVTESV,0
AGRVAQIRQEIENSD,1
GGMGGAGGGAGGAGG,0
ALPRLLRRLVIMGGM,1
AFNEILRRRAATAVA,1
ALGLEFSATEFASSL,0
GLLDPSQAMGPTLIGLAMGD,1
ARFSALRRHYVYRLS,0
GPPVEASAAALAGDA,0
DTFYDRAQEYSQVLQ,1
LIEKPVAPSV,1
SAASLRLYAQLIDLL,0
DGRTVGVVANQPMHM,0
AKLMRDIPFRVGAVV,1
FIFTTPRALDNAAKS,0
AGLDIAVFQFVKSAK,0
GKDGVVAHFVEDLVL,1
AGGAGRGLFLGLGGD,0
VYEDLLAAGVADPVK,1
QGFITQLGRNFQVIY,0
GVLVATNFFGINTIP,1
KNNAIKLARALGVTF,0
EFYALAARALAPGGL,0
QEAGNFERI,1
TDAMRKVTGMHVRLA,1
ARTDLLAFTAFPKQI,1
AEYRSCAKAQALVAE,0
AAGDLNTVFDNLPTI,0
MSPVNKSFEIEVTCS,0
AQAERQAIFRAEREA,0
DPLPHLLTDTRLART,0
AAGGISAAATEVGAG,0
GLVDFVKHI,0
AETAVNTLFEKLEPM,0
GLSVVMPVGGQSSFYSDWYQPAC,1
VTGMSRRLVVGAVGAALVSG,0
GPGWTATFSDALIGY,0
KRTLSDVLNEMRDEQ,0
GIERSGEVNAKPGTKSGDRV,1
AGNVNIAIGGAATGIAAVLTD,1
VRAVAESHGVAAVLFAATAA,1
MRNVRLFRALLGVDK,1
QAAVVRFQEAANKQK,1
AKAVTLRRARASGAV,0
EPYAVWLDDWYARES,1
RRVRHSDAAVSTKGL,0
AMASASLVT,1
LLRAESLPGA,1
GYAGASAAATQLTPF,0
GLGLMSNRASEVVAN,0
DVTGPSPTIVAMNNGMEDLLIWEP,1
GGNGGVGGTSVAAGI,0
TKLAAAWGGSGSEAY,1
GVGGAGGGTGGAGGP,0
DLKLLRETPNAVRRS,1
VQYSRADEEQQQALS,1
ISSGVFLLK,1
VELTARLNSLGEAWTGGG,1
LMIGTAAAV,1
NLLGQNAAAIAAVEA,0
QTLGQLGEMSGPMQQLTQ,1
GLRAQDDFSGWDINTPAFEW,1
LIDRGRAEVVVVSLGSQGAL,1
ALLFAPVPAASADPP,0
AGSLQGQWRGAAGTA,1
AGMQARAAAAAYELA,0
ATIDLAGAEIELVSM,0
ALLSLEAGPEAQEEL,0
QGVQQKWDATATELNNALQNLART,1
ALVLLMLPVV,0
PVEYLQVPSPSMGRD,1
SRADEEQQQALSSQMGF,1
VDHLERMLSLDNAFT,1
DDIKATYDKGILTVSVAVSE,1
GSVAGMAQDPVATAASNNPMLSTLT,1
KPEKEKASVPGGGDM,1
FGGAGGAAAGVGTTG,0
LEDPYEKIGAELVKE,1
MLGHAGDMAGYAGTLQSL,1
NFLLPDAQSIQAAAAGFASK,1
LQPIVVRSLAGSQTG,0
ANALMGAAYFHDLTA,0
SVNNYQASK,1
SLLEIGEGV,0
DAATAQTLQAFLHWAITD,1
AAAAYETAYGLTVPP,0
MSQSMYSYPAMTANVGDMAG,1
AAYVYAAAGEGESTT,0
AFEIVLNMSALGIIA,0
EGPGADSLSAAAEQL,0
MSACASGVYLVDVRPKLLE,0
AETPGCVAYIGISFLDQASQ,1
DDIKATYDKGILTVS,0
AMIRAQAAALEAEHQ,0
DESWQQFRQELIPLL,1
TMITFRLRL,1
ADDVSAAIAALFATH,0
DEISTNIRQAGVQYS,1
LAIAAMASA,1
SQIMYNYPA,1
VLGYRNWL,1
LHSVKAGIKDSLSPQ,0
AAAELANASLLQSEF,0
SAIQGNVTSIHSLLDEGKQSLTKLA,1
RVNPLALEEFAALEE,0
FSGWDINTPAFEWYD,1
LQSLWANFYELLADA,1
ARVIMRSAIG,1
DSNGQLVSFIGPIVI,0
AQNGVQAMSSLGSSL,1
THSWEYWGAQLNAMKPDLQR,1
MLATDLSLRV,0
PVPGCRVHPLGEMRYLPVASRPFVQ,1
GWRLGMDDVDPRSMV,0
CDIVDRLRDERPNTL,0
SQALEYLRGFSQGLA,0
MSLTVGAGV,1
VLSFASPVMSAADTGLEAVR,1
GSPFRSGPIRTLADL,0
ELSYLADDTPQVLPT,0
ALVLLMLPV,0
GNVVAEVRADLLASV,0
KASVPGGGDMGGMDF,1
DKYLRDNADDAPETR,0
QYSRADEEQQQALSS,0
LRDLFATIFFLGIGL,0
QATAQAAAYTQAMATTPSLPEIAAN,1
GFTAAAAAKAPSLAWNRDDGLQDML,1
VVRFQEAANKQKQEL,1
NVTSIHSLL,1
STPRMLASLIEEAVT,0
ETLYWLAQPGIRESI,1
DPFGMLAAAATLESL,0
AATDVASIGSVVATA,0
GMGMVGTAL,1
ANIGSALSAANAAAA,0
AAVQAAWAVLVAYFNRLRCGTGDY,1
PAAVVLFSPLIDLTF,0
EISTNIRQAGVQYSRADEEQ,1
LLSERVATDL,0
GRSEFAYGSFVRTVS,1
GPNLGVVELTLALHR,0
AGGAGDAIGGSGGAG,0
LPVVALCTVSDIVLIAAGIAGFGA,0
GGKGGVGAAGGLAGQ,0
LDALLGRVIQLIRRA,0
AAQEMMIALRRLREL,1
NITSATYQSAIPPRGTQAVV,1
VPFQQALQQLPNLGI,0
MTHKRTKRQPAIAAGLNA,1
LAQPTKSIWPFDQLSELWKA,1
TQVRDLIIQASQAGAA,1
AGSQAVAAASAYEAA,0
RQEAADEAAAQVGDR,0
LVAQFGQMI,1
QSIGDLIAEAMDKVGNEGV,1
EQRDFLFALWDALDL,0
MSRRLVVGA,1
VVRVETGESLYDVAV,1
MMARDTAEA,1
AAWGGSGSEAYQGVQ,1
SPKETWLRL,1
AALPAVGAAAGAPAA,1
AAIAQFVRRLRSAAG,0
FFGQNTAAIAATEAQ,1
VHFQPLPPAVVKLSDALIAT,1
TAACNRDDVERFFELAAEPT,1
AVGDDATITLFEPAD,0
TVSLPVGADEDDIKATYDKG,1
MLIRWHIQLGNIVIP,0
AIAGTYYVHSNYFIL,0
FIYAGSLSA,1
ISVSEIDHVVLVGGSTRMPA,1
AAMYAYAGSAAIATE,0
RARQGFRDIEFHPTI,1
AGGTGGTGGAAGTGT,0
GTFKSVAVK,1
DPAWQRNDPLLNVGKLIAN,1
SRFVQALTAGAGAYA,0
MSFVIVAPEALMSVA,0
AGDPVAADVWIA,1
FVQALTGAGGSYALT,0
DPHETRLLLRKSMHL,0
PVNYQNFAVTNDGVIFFFNP,1
VLRIVNEPTAAALAY,1
NIRQAGVQYSRADEE,1
IIIVLILPLVIFAYA,0
PSVHASLLAQNNTRV,0
AGLIGNGGNGGAAGV,0
VLTATNFFGINTIPIALT,1
TISEAGQAMASTEGNV,1
MMAHAGDMAGYAGTLQSLGA,1
EVLVEQRDRILIITINR,1
VRAYQSMSGTHESNT,0
EGIQLLASNASQ,1
GQLLVFDTRRGMVVG,1
APEALMSVASEVAGI,0
AAYHQRFVQALSTGA,0
LMIILFRGHMRDNST,0
QTMIWENGALLAESE,0
KSYSQIFSTLCSTAE,0
RPGLDELSFTLT,1
SVKMLDPGAKSARPATVWIAQDGSH,1
APGMVVAANSVGADSGPRYG,0
MTSLLFENMFEVIRH,0
DPTPRFAEALDDDLS,0
SELGTQSPLADELAR,0
ESRRRRVVAIGAATG,0
GDNNLGLGNNGNNNI,0
VRRARRMNRALAQAF,0
ELVAAFLWAQFEEAE,1
TKGLTSVHVAVRTTGKVDSLLGITS,1
DRWLDLRYVGPASAD,1
AMNEAFVAMLGASAD,1
TDSKAAARLGSDMGEFYMPY,1
AQNGVQAMSSLGSQLGSSLG,1
IPVQAAERSREALIE,0
AHVHISQAEVVVNQLDTMFVAE,1
GSAENFSVVEALADS,1
GIEAAASAI,0
AIGIRELRQHASRYL,0
AAAEQLRLMYNSANM,0
PPAPATPVAPPPPAAANTPN,1
VPWQPAFVF,1
VLTDGNPPEV,1
MGRDIKVQFQSGGANSPALY,0
FFGQNAPAIAAIEAA,1
RLPAKAPLL,1
ADEVSLLLATQFRTH,0
TLHSMLKGFAPAAAQAVETA,1
GPRLYGEMTMQGTRKPRPSGP,1
ATATELNNALQNLARTI,1
MTSLLFENMFEVSKH,0
TSHEIDDDTAELALLSMH,1
GNLTSGFGNMNSNVF,0
PEFSELFAAFPSFAG,1
ASPLDSLDWPYYIGQ,0
RSAFRLSPPVLSGAM,1
APWLDLVRKLGVLAG,0
AAPAAVAAAGDAAKG,0
PGGAIDAIAAGALAG,0
HLVRGAEVVDTVP,1
AVLEDPYILLVSSKV,1
ATFEMRYLQSLPAHL,0
MAKTIAYDE,1
HWGYGFPIGGVAATD,0
SAQNISGAGWSGMAE,0
EGLGIVFLEASAAGV,0
IVDSILDSAALATEL,0
ASIIRLVGAVLAEQH,1
IGLSMAGSSAMILAAY,1
AHGETVSAVAELIGD,1
AAAAGELRSLGATLK,0
EGVSILAESAEFESE,1
MKIRLHTLLAVLTAAPLLLA,1
AQAAVVRFQEAANKQ,1
EEIAANREERRRLIASNVAGVNTPA,1
AYVEIDRVADARGSR,0
NGKVLAAMYQGTIKTWDDPQ,1
TLLSALKNNGSFISF,0
AGQRFVIDVTVWIDL,0
AGRVIRRSNATMTSA,0
AYAQRVYQANRAAGS,1
KVQFQSGGANSPALY,1
LSGVTNLQAQGTEVIDGISTTKITG,1
LILATMLVA,1
IALIVITFVVVPAMAYLHYY,1
WQRNDPLLNVGKLIANNTRV,0
VLRPGGHFL,1
RMSRVTTFTV,0
PRVVATVPQLVQLAPHAVQMSQN,1
EGELRYLFDNSDMVA,0
ISEAGQAMASTEGNV,1
RVLLELGGNNAAIVA,0
VTSIHSLLDEGKQSL,1
VSGWLSELGTQSPLA,0
GHGQDYQALSAQLAV,0
EMLTSRGLL,1
AAIHEMFVNTLVASS,1
GSVACQEFITQLGRN,0
VMAPDAVRI,0
ETLHERIKVTERRLLVAAVAALATH,1
SSILTYHVIAGQASPSRIDGTHQTL,1
EAAASAIQGNVTSIHSLLDEGKQS,1
AAGNVNIAI,1
PMADIAAAL,0
PVGGQSSFYSDWYQPACGKA,1
IPRDEVRVM,1
ARTISEAGQAMASTEGNVT,1
DTEVYLDAASLSPFV,1
SVQVRGELAAEEVEV,0
APTLDELKLEGDEAT,1
ADLGNASVVGRLSVPASWST,0
GRLHLRADDVEFRLH,0
VVGAFAGTWFRRVRR,0
MSGPMQQLTQPLQQL,0
AAYEQMWAIDVSVMS,0
AAVDKDAVIVAAAGN,1
LVRAYHAMS,1
ATFAAPVAL,1
AWRTAAVELARALVRAVA,1
LLLRKSMHLLRDKQL,0
LMIGTAAAVV,0
AGSIFKIFTTAAALD,0
GDIGPITIQPIPILP,0
MIRAQAASLEAEHQA,0
AGGAGGAGTTGGKGG,0
VVSLGSQGALLATRHASHRF,1
VEYLQVPSPSMGRDI,1
NLGRAASVGSLSVPQAWAAA,0
AVAAPAFAEK,1
GGPGGSGGASALAFG,0
GQLLRRVRSRLARL,1
AGALITAVVLLIALG,0
LPVASRPFVQRHLSDGFTAAAAAKA,1
PAPLRIKVPAHVAAN,0
QTSPANVVGTRQTLQGASVTVTGQG,1
KEDPAWQRNDPLLNV,1
QRCRVHFMRNLYTAV,1
VQHLSLVVPNVVAGI,0
GVRYQIVMGERRWRA,0
PSMTNPYMYDVVDTK,0
GQVVGMNTAASDNF,1
VWLQTASTQAKTRAMQATAQAAAYT,1
AALAIAAMASASLVT,0
QASSLIQPLIQAMSF,0
WMAETTLGRV,0
LDEISTNIRQAGVQY,1
RELAYSVETTAESLEDELDELDENW,1
DHEGLFSLFYSLDVP,0
FGQNTGAIAAAEARY,1
LALVGFLGGLITGTS,1
GSPLNLLRWTSARSI,1
VVWLGTANNPVDKGAAKALA,1
NYFHLLRRHALDSIQ,0
TPAIAVNEAEYGEMWAQDAA,1
SGSEAYQGVQQKWDATATELNNALQ,1
PCRTILRVFSRNPLVRGTDR,1
GGVGGVAGLGGAGGA,0
FAGIEAAASA,1
GTAAQAAVVRFQEAA,1
NAVFNFPPNGTHSWEYWGAQ,1
ERGWVLRDETGGRWQ,0
EGLQQQLQNVLAQLA,0
VAIVPLIALFVTFQR,0
KAAIELIADHQLTVL,1
APAGVVLSHKNVITN,0
LALLLVPGVPLVVMP,1
ALSGQLNPQVNLVDTLNSGQYTVFA,1
YLLDFLRQSGNTPIV,1
DSTVITDRDIVNIDV,1
ASQSTTNPIFGMPSPGSSTPVGQLP,1
AAVVRFQEAANKQKQEL,1
TVINASRFK,1
AELMILIATNLLGQN,1
EGKPTEKHIQIRSTN,0
MPVGGQSSF,1
NALQNLARTISEAGQ,1
MAMTINYQFGDVDAH,1
GGRWQADAVILAVPA,0
GLAALAVAVSPPAAAGDLVGPGCAE,1
LGSQLGSSLGSSGLGAGVAA,0
DRADSAVALALEHMS,0
AQTSQFVMAMINYED,1
GLRAQDDYNGWDINTPAFEW,1
EHFGHERYDAFFSLA,1
LPLTSLTSAAQTAPGHMLGG,0
RGDANIGIGNIG,0
YEVRAELPGVDPDKD,0
DVTREWVSDLPSYET,0
DPVVRADRAARSVAL,0
LLLETSWEAI,0
EGPGADSLFFASGQLRELAYSVETT,1
FGMPSPGSSTPVGQLPPAA,0
FVGTVRNNNNGHEVT,0
HSLAVVIDEVSPREG,0
LSPAMLILLALMTID,0
AGCYVFERNVIDRIP,0
AVYEMLARADSVGVF,0
AAVALGFFVWLEGRA,1
AAFRRFVAALDEPDE,0
ISPHLSPLSNIVSMLNNHVS,1
GGGRRRRHLALLLRP,0
SAGMRRITISLDTLR,1
LRTDLDRFWTRALTGYAQLI,1
GRLLFALLSFSVVGA,0
APAVVRMPSQTAIVA,0
QIPQYKHSVVMGVNKAKVPG,1
ALWRALIGLDSMERI,0
ISLPSYYPDQKSLENYIAQT,1
DIKVQFQSGGANSPALYLLD,1
AGPGADSMRAASQQL,0
TMTQMNQAFRNIVNM,0
GEAWTGGGSDKALAAATP,0
FKLTEAETTRLLRME,0
IVGSGFIAAEFAHVF,0
AEKGIQWMRLTARGR,0
GHKWRVLTVATADLQ,0
CSRRRRFRHRRRRQH,0
LWFELMKPMTSTATGR,1
GLLGTSPLSNHPLAGGSGPSAGAGL,1
NPFPFLRQIIANHQV,0
QVESTAGSLQGQWRG,1
YDQSGLSVVMPVGGQSSFYS,1
LGSTIRAPNAAAAGS,0
LQGQWRGAAGTAAQA,1
AHAVAFHEQFVQLMS,0
VVRVETGESLHDVAV,1
AKRGIIVRGRIVGVS,0
GQLVSKEIIYFLAQL,0
AYNAGGGHNGVFDFP,1
DWYSPACGKAGCQTYKWETF,1
GLMLPYVIEL,1
SLKRTRITIAVNADSMATWFSAVFD,1
IGLVLIAVLVFVPRV,1
FLTSELPQWLSANRAVKP,1
AWYTTPLLTSPLGAA,0
EQKDFDGRSEFAYGS,0
ADEEQQQALSSQMGF,1
EARRMWASAQNISGA,1
TAKEKPQEGTVVAVGP,1
FLTTEAVVADKPEKEKASVPGGGDMGGMDF,1
GNSGFYNAAVNNTGI,0
AMPAYNWMTV,0
FIRMWNQAAL,1
RTDIRPIVKLRSTAG,0
ARLAGIPY,1
AEMKTDAA,1
FNAGIANSGNNLAGI,0
AAMANPVFAQITAEP,0
YIVGFCLLV,1
FSRPGLPVEYLQVPSPSM,1
PFPGQPPPVANDTRIVLGRL,1
SASLVTVAV,1
MAKTIAYDEEARR,1
AAFHEQFVQALTAAA,0
VDYVVNTLRNSGFDVQTP,0
DFNRDSREVVHLATGMA,1
FSRPGLPVEYLQVPSPSMGRDIK,1
SLVRHRRQQRDALCLSSTQI,1
IGQLAALSDAEAANI,0
IPLSTFVLGVTLAGG,0
AAMVGYHGGASAAAA,0
AAPATAELAPAAADE,0
LMGAEADAL,0
GSGSEAYQGVQQKWD,1
ETFVIAELRRQLGWS,0
ATLAQEAGNFERISG,0
ADLPRLIRLLAARSA,0
PKAAMAKPAAAEQAT,0
STPLILDTSGGGLQHISSGV,1
RLAPGGTTI,1
PGTRINQETVSLDANGVSGS,1
DGNPPEVKSVGLGNVNGVTL,1
VVIVTKIDKVPKEKV,0
GVTNKGRLVARLIPV,0
WLLIDTSNA,0
EGILAAVKRLYLLGK,0
CLGSHLARLELTLLV,1
TVGQVVLGWKVSDLKSSTAVIPGYP,1
GDMAGYAGTLQSLGA,0
GLAVAYNAWHYYQVT,0
MLSTVVLVIWLLLGV,0
RTWQGFCYTAFVTDV,0
STSLNQQLLASLDLA,0
REPRRGPRL,1
RLGRLLNRI,1
RMAATAQVL,1
GCQTYKWETFLTSELPQW,1
MLGNAPSVVPNTTLGM,1
RVIEDALRFYFESHE,1
HLDDVGFLV,1
DYVRMWVQAATVMSA,1
MPMIREDQSDLIYKT,0
MQLVDRVRG,1
FSGWDINTPAFEWYDQSGLS,0
LTLNEIHAFIKDPLG,1
GYLTLLFLLVVLVTM,0
TCWFARALELRTLLI,0
AMKADIQHV,0
ALNPCGFAMLPAYLL,0
GFVRTSNIKFQDAYNAGGGH,1
SVLAAYAFARLQFRG,0
IKVNVLYFGAVREAC,0
AGGYKAADMWGPSSDPAWER,1
DAHGAMIRALAGLLE,1
GIHPVIGLDAGAATV,0
PDPTKLILQLLKDFL,0
GLEYQAISAQVAAYH,0
EAGQAMASTEGNVTG,1
ADGRTLQLDVALLFG,0
MYRELLELVAADVES,1
VFDFPDSGTHSWEYW,1
DPDKDVDIMVRDGQLTIKAE,1
AAMPTTEVVAAAADE,0
AHDEVSAAIAALFSA,0
AAAARAAGAAAQAKA,0
DQVHFQPLPPAVVKLSDAL,1
SGGLYYIFATYTTTV,0
ARKVLELTFREALRL,0
AGGSGQAWQGAAAAA,0
SGSEAYQGVQQKWDA,1
GDELLFVAVTEAEEE,0
LFAAFPSFAGLRPTFDTRLM,1
GFTIANHNAAAVGEI,1
LLDGLRAQDDFSGWD,1
RNPLVRGTDRLEAVVMLLAV,1
GNGVVALRNAQLVTF,1
TRQVFLPVSRLKRDP,0
QTYKWETFL,1
DIASEQAVLSSAWQGDTGIT,1
VQGAPFSFVLAPWQI,0
AEPPQLAGAVAEDVE,0
GKIVRQKANRRHLLE,1
IGRWGVHQEAMMNLA,1
LEVNTLFQSLIDLLH,0
ETAVNTLFEKLEPMASIL,1
NPGLLRFLPQLSERL,1
QQVTSLFSQVGGTGGGNP,1
NSASGSYAAAEATIA,0
VMATRRNVL,1
ALRSHLMVRRSRRRK,0
HSLLWIGVFLFLGGMAAGGCNS,0
TTSNVSVAK,1
CQRVQMAVNQFIAPL,0
AAGTAAQAAVVRFQE,1
DSGTHSWEYWGAQLN,1
YLRNFLAAP,1
FPVVTHDEVLRLVGRRRLWGRG,1
QMATTLPVQRHPRSL,1
ATELNNALQNLARTISEAGQAMAS,1
PMQQLTQPL,1
GAGGDGADGTAAEAL,0
YDAYFTDAGGITPGNSV,1
GWYLVAATAAAATLR,1
DPMVQIPRLVANNTR,1
DFYLLDEFTYPLKWG,0
AAADAVPAAAAAAGL,0
WDEDGEKRIPLDVAE,1
SPVNKSFEI,1
DDGAIDILLVGLDSR,1
SVVAAINETMPSIESLVSDG,0
MATWFSAVFDGLGDVLLDVRIEDQD,1
NEAEYGEMWAQDAAAMFGY,1
RVPGDEITSTVSGWL,0
FAYGSFVRTVSLPVGA,1
AIIIAVLLV,1
VLPACLGIL,1
EDGPIAVMPPAPGMVVAANS,0
LGGLWTAVSPHLSPL,1
ALDEGLLPV,1
PRSLFPEFSELFAAFPSFAG,1
DIASEQAVLSSAWQG,0
FLEGFVRTSNIKFQDAYNAG,0
TVWIAQDGSHHLVRASIDLGSGSIQ,1
MTQPTAWEYATVPLL,0
AAGTYVAADAAAAST,1
QSMKFVAKIAAIADK,0
WREHLYEMDYLKEGI,0
DLPSRLGKI,0
FPTAHDAEEFYSSSV,0
WKLDSPIIARITDTVRAAASGLYRG,1
MAKTIAYDEEARRGL,1
DELMRAIKVRAAQQG,0
QAGVQYSRADEEQQQ,0
RLEDEMKEGRYEVRAELPGV,1
AQIIHRITATARHPG,1
ASPLDSLDWPDYIGQ,0
EAAYRDMVAALERAR,0
AAGGLQLLIIISAGR,0
RGAAGTAAQAAVVRF,1
DTRLMRLEDEMKEGR,0
AVHDTLFYCV,0
FALVLSRLFWDAAIF,0
GQHQMWAAQFIRYEK,0
QASPDLLRGLLSTFI,1
VEAFRTRPL,1
GQLRPRVRQDPKIQM,0
WETFLTSELPQWLSA,1
TTLDAGFLK,1
ADVVNDNGMLSSSQV,0
HAMSSTHEA,1
AGAHGAAGATPTSGG,0
WLKLGLVEFGGVAKLNAEVMS,1
AKQYRFVLPGPSLTVAEQEQ,1
ERPIIFNLPATVEMT,0
APAIAAAEAAYEEMW,0
AGQRAVSAAAAAAPG,0
DESTANIPAVATAFF,0
GAAKGYAAAELANAS,0
TTLGMHCGSFGSAPSNG,1
LVVPTGSAAEQFAGL,0
SGVLIPARRPQNLLD,0
ADYNMLLISRLREEA,1
GMGPSLIGL,1
MGEFYMPYPGTRINQ,0
STPREAPYELNITSATYQSA,1
AAAAVAHAVAPAGVGGTALT,1
QDAYNAAGGHNAVFNFPPNG,1
GAGGLGAPTLLYLAA,0
SRADEEQQQALSSQM,0
ASAFARQVGLSHLISDVADA,0
SNNPMLSTLTSALSGKLNPDVNLVD,1
PRSLFPEFSELFAAF,0
AVPNLIAGNNSSLEL,0
ILFTFLHLA,0
ADVGPATPPPPWCEP,1
RAAASGLYRGQQRRRRPG,1
DPPEMADDYDEAWML,0
ASGLVIPDTAKEKPQE,1
NIGFFNSGNGNVGFF,0
TVGLVEAIGIRELRQ,0
VAANRIQLLALIATN,0
RLFNANAEEYHALSA,1
IDYAVNVKGVVVVVAAGNTGGDC,1
QGQWRGAAGTAAQAA,1
AFRNIVNML,1
FGQRKRLRTVVDVSA,0
RRLAALLIDWLIAYG,0
AGYPAELAYFEVLHE,1
AIQGNVTSIHSLLDEGK,1
YVFASTSKITFAGGG,0
NSGYVNTSTTSMFGG,0
GTVLVNLINTKLTVA,1
GNGKPSDLGGNNLPAKFLEG,1
FVIAANRSRLVSLAL,0
DAHGAMIRAQAGLLE,1
AEIVISGGSVAGTGG,0
PRYISLIPVNVVAD,1
AGGAGGAGTDGGPGA,0
ARILRQLATPISVII,1
ALLSDWLPA,0
LVAPPPAPA,1
TASPGAASGPKVVIDGKDQN,1
LLDSGTTSI,0
LKVYQNAGGTHPTTTYKAFD,1
MAEMKTDAATLAQEAGNF,1
GMLRERQHRLLYLASA,1
GGKGGNGSSGAASGS,0
LQIDDDVLEDARSIA,0
RDGQLTIKAERTEQKDFDGR,1
RDIAAHFNDPPEDLI,0
AESHGVAAVLFAATAA,1
AGPGYFNSSATPSLG,0
DELRVIRDGVTRRQQ,0
DRTEKLVTIIELMKR,0
LLDNRPIGVLFKRIF,0
MTYAAPLFV,1
SPLVVGFLACFTLIAAIGAQN,0
TIKAERTEQKDFDGR,0
FSLVHDDLMDRDEHR,0
WDQAYRKPITYDTLWQADTD,1
IYEQANAHGQKVQAA,1
IEAAASAIQGNVTSI,1
PLLNVGKLIANNTRV,1
LMVVRALFL,1
YASVEAANASPLQVA,1
MHRIFLITVALALLTASPASAIT,1
CLDELRGAAASAAFVVASGS,1
LRAMGLGESAEEAIV,0
APTPIQIRTVGRLLG,0
ARFVAVEPAASPVLS,0
AATQARAAAAAFEAA,1
YLLADTFTV,1
RDARYIRRTIAAQRA,0
RSPISNMVSMANNHM,1
AEVIRLIRRLLPALV,1
VMADRTRHL,1
GRLRGLFTNPGSW,1
LAVRYGISSLEEAQA,1
AHPRAYQALSAQAAM,0
VTVDAAVLAAIDADA,1
PVIAPNAPQPVRIDNPVGGF,1
LQVPSPSMGRDIKVQFQSGG,1
HEVTNDDQGDQGDVQPAEVV,1
ASDDELAAVAELIEC,0
LQIDDDVLEDVRSIA,0
RMWELYLAY,1
HLNIVAVRRISMSFV,0
AGGSGASAGAGLMRA,0
AMEDLVRAY,1
AGAEAAGLAAADVPT,0
RCRRALRQIGVLERPVGDSS,1
MRLDLRARLVRITDD,0
AIAWGAWGEV,0
RLVSGLVGA,0
AGGCAVGVVQTPQPY,0
PWCMPACWRKTTLRV,0
DLLIVDGRNHYPDDI,0
AGVQLFSPAFLLAVP,0
NIVNMLHGVRDGLVR,0
VSQDTSPKPATSPAAPVTTAAMADP,1
LVPVNHLPLTLPL,1
MAMMARDTA,1
GLHFQHTAAVLFGVW,1
AAVAALQRSDLLIAL,0
AFGEAFLTHTSTSLN,0
NIGSSISAASAAAAG,0
IIPEYLFIQSSTDLR,1
NEFGFDYLRDTWRTH,0
AAGGAYSSAEAANAS,0
AKCAVAFEADDHNVA,0
YVYPDNLPV,0
ATEVVRRLTATAHRG,1
IVVMYLLLAATAVAA,1
KKVAGLIKLQIVAGQ,1
ALTALIRDPPADSTG,1
AYRTTIFAFPVFGFG,1
SAASAFQSVVWGLTTGSWIG,1
FFGINTIPIA,1
ESFLFYSGFYLPMYW,0
EAVRRYRNRLIYVST,0
EIAVEQAALQSAWQGDTG,1
MARAVGIDL,1
ERFLASLSLATERPV,0
LDAEQAGVDVEDGRV,0
LARTISEAGQAMAST,1
PTAFWRIISTIRSAG,0
AIGLRVMVNIIEQAA,0
KDLQDIIAILGIDEL,1
HPLVVVGLIALVAIM,0
LKTQIDQVESTAGSL,1
AWYRLTKFFGKLFLINF,1
RPDIIIVMTDEERAV,0
ENFVRSSNL,1
RIANGMGATV,0
TVIGARDDLMVNNAGLVCGGVHTAN,1
DDYNELVISVPLQLT,1
SAAPQHPPSVPLPLP,0
WLQANRHVKPTGSAVVGLSM,0
MTYVAQFIRSTTARG,0
HSLLDEGKQSLTKLA,1
AGGNGGNGGAGGTGV,0
VAVGLPLQAMISVNL,0
ATGGGAYAAAEAASV,1
ALGIWFPIGGVAATD,0
DELFVRGAAQRKAAV,0
RPANLAFFL,1
ILSSLGLPV,0
HESNTMAMLARDGAE,0
RGANHDELADLIEFA,0
AAPATAAGAALDGTGWAVPE,0
DPFVFARGYEEVLAC,0
TQVLAAAQDEVSTAI,0
EVLGFRMVQDERVGR,0
GVRKAGLFTSSSFVL,0
SSTATSGAAVVSPAE,1
DANNYEQQEQASQQI,0
GNVTSIHSLLDEGKQ,1
ALYLLDGLRA,0
IRAMNYAINAHLRRH,0
GGPRERKRSAGSAGG,0
LENDNQLLYNYPGAL,1
TGPAPQGA,0
YLPDPTVGV,0
DELVGGPPVEASAAA,0
RELPGRVLL,0
AMFRRDDVAALSRRY,0
LSFTLTGNPNRP,1
FHEDPVAGVWAVGGV,0
FFQVLVTQFGSSGGP,1
FDHEFTFGWDELLSK,1
AYVPYVAWL,1
QRVADICRRSSTPLILDTSG,1
EVIRILRRRSLAALRAQAEPVSTAAYGRFLPA,1
RKGRLAALAIAAMASASLVT,1
DIVEYVADKFGARIE,0
AGGSTGSLLMALLGDAGVPF,1
PPSWAVAAPAFAEKP,0
TAWAPRTSGIAGC,1
FHTASSWEFEPLDTD,0
AESSLNLSLVSRISA,1
ELMSAAEIADELGVS,0
AGGYKASDMWGPKEDPAWQR,1
AGQAMASTEGNVTGM,1
PSMTNPYVYDVVDTK,0
RMPPLGHEL,1
ISGDLKTQIDQVEST,0
QNLARTISEAGQAMA,1
GSQVSAANAAAAMPT,0
HRVSITDAAMVAAAT,0
SEFNEVFFNDVFVPD,1
TGSGAGIAQAAAGTVNI,1
AAAAGPTTAVVSAAE,0
NPFPFLRQIIANQQV,1
FEYVAIWAVKRANAA,0
SLAVKTFEDLFAELG,1
AVSPATTSAVAAESG,0
ARMWIQAATTMASYQ,1
HNTGFFLTGNNINVL,0
AANKAAAAATTQVLA,0
AASAYEAAFFATVPP,0
LEAVVMLLAVTVSLLTIPFA,1
AGWLGSVAAAAEAVA,0
AGTNYNKTVASLMNA,0
AQGYQTLSAQLAAYH,0
AGGAGGVGAVGGKRG,0
AALGLWLSV,0
AMRDMAGRFEVHAQT,0
AGNYRGSMNVTDALA,0
FIYAGSLSAL,1
VAFRAGLVMEAGSKVT,1
VFNFPPNGTHSWEYWGAQ,1
AAFDYADGAAEDELS,1
MASASLVTV,1
AQFEHTLLVTDTGVE,0
MHPMIPAEYISNIIYEGPGADSLFF,1
HPTPCPENGE,1
YLQVPSPSMGRDIKVQFQ,1
AADEVAALRAELAAL,0
YQAWQAQWNQAMEDLVRA,1
AYQELSAHAVAFHDQ,0
RGRWLDPRHAGPATAADAGD,1
GSTLGAATAAAAAQT,0
ESVFAATVAELESLI,1
MLASTLTDA,0
IGTATFVAGPIWPLD,0
AANREAFLALIRSNW,0
YNGEEYLILSARDVLAVVSK,1
VRAVAESHGVAAVLF,1
TPMVVWLQTASTQAKTR,1
SAVYQGDINLGIGNV,0
AYLIDGPDDIEPEWL,0
SPGPHLERFLASLSL,0
GELLPEAAGPTQVLVPRSAI,1
SEILTRYLNLVSFGN,0
WNFAGIEAAASAIQGNVTSIHSL,1
NGVTLGYTSGTCQGNASATK,0
QEAANKQKQELDEIS,0
MSFVIAVPEFLSAAA,0
YQGVQQKWDATATELNNALQ,1
IAYPVLWRHLTAIVA,1
ALNATDPGA,1
APYNVRRLPPPVVEP,1
ALVEEYLRGLRQAAG,1
EGLAAASAAVEALTA,0
APIGVVLLLLALGLE,0
VAVAGAAILVAGLSGCSSN,0
TDAATLAQEAGNFER,1
LIATNLLGQNTPAIAVNEAE,1
PYLLGIQSVLVTQNG,0
AEFLENFVRSSNLKFQDA,1
VDKGAAKALAESIRPLVAPP,1
SGLSIVMPVGGQSSFYSD,1
EGDTVIYSKYGGTEIK,1
QHLRMLLKQQRAVSV,0
AIYHPQQFV,0
AAAAAYEAAFAATVP,0
EDLVRAYHAMSSTHE,1
LMGALAVVL,0
ELDEISTNIRQAGVQ,1
GSHYKITGTATGVDM,1
LQNLARTI,1
AETVDPFVIAANRSR,0
QNSAAIAVAEAQYAE,0
DEGAGASPGQQPGGGVPAQA,1
ASVHVLLSHLHADHC,1
AAVLFAATAAAAAAVDRGDPP,1
AMGPTLIGLAMGDAG,1
RLQPQVGWEV,0
AVPTTGALAPAADEV,0
LARALVRAVAESHGV,0
VRLRLDIAYDGTDFA,0
QLAAYHNQFVRALNA,0
IRRAYAEMVATSHEIDDD,1
WQAQWNQAM,1
AAAGFASKTPANQAISMIDG,1
LLGSFELTGI,0
AAVQQFLAFNAAYYI,0
AVRIGDWPAAYAIGE,0
AGGAGGQGGFGGTGG,0
GGNGVIAGGGGTGGN,0
AAIQARAAATAFEAA,0
ASSVMLESFLFYSGF,0
YFIRMWNQAALAMEV,1
LTMAVEFSMVSANAE,0
DDRVSAVLQDSKPVA,0
AGGVGGAGGGTGGAG,0
LQSLGAEIAVEQAAL,1
ELLKPFARRYFQAIP,0
QQVGQVLVVREKPCRATTAGIPLLR,1
FLFDFRDGIELNPIV,0
AHAQAYQTISAQAAT,0
HSWEYWGAQLNAMKGDLQ,1
RGFNDDELSDLIEFA,0
LDEGKQSLTKLAAAW,1
AWMSAAAAQAEQAAT,1
LVILLIIYRNPITMV,1
WEATATVNAIRGSVTPAVSQFNART,1
ALLGWSIADDHDLFG,0
KDGCRPDSGRTSGSD,0
VLMGGVPGVE,1
PYVGWLSAAAGQAEL,0
AHAQAYQALSAQAAL,0
LPLGQLTNSGGGFGGVSNAL,1
VEYLQVPSPSMGRDIKVQFQ,0
INSARMYAGPGSASLVAAAK,1
FDREFTFGWDELLSK,1
GLDSRAYRL,1
AGFKIVAAGLKECVS,0
RRPLLVAVSWAIFAL,1
IISDVLTASDFWGGA,0
MLVLLVAVLVTAVYAFVHA,1
SAMILAAYHPQQFIYAGSLS,1
AARLENLALLRTLVG,0
RLSTEHWMGPASLSMAAAVQ,1
SPLAAPVDPSTPAPSTTTTL,0
ATGGIGGPGGAAVGL,0
DVNLRRLLSLFEQLR,0
AAIAHATGASAGAQQ,0
AVFVEDLDEIPDPPP,0
RPRLDSITY,1
LANAYNDTRRKVVPPEEIAANREER,1
QQFVYAGAMSGLLDPSQAMG,1
DPPEMADDYDAAWML,0
RFFELAAEPTEVGQDQYVWH,1
DTYHSWFEFDNAEHI,0
IRQAGVQYSR,1
MMNLAIWHPRKVQSA,0
SRLIRFDTTNSGEPG,0
AEMKTDAATLA,1
QVHFQPLPPAVVKLS,1
DFFVAADSAFSSLND,1
EQQWNFAGIEAAASA,1
AGARPAASPLAAPVDPSTPA,1
AVLVATNFFGINTIP,1
AAIHEMFVNTLQMSS,1
DSNQGFRRFTPRARN,0
MSFVTTQPEALAAAA,1
GAQLNAMKPDLQRALGATPN,0
TSVLAAALLFCGLLG,0
FWTRALTGYAQLIDSEGDDT,1
GAQLNAMKPDLQRAL,1
AIVAYRADYSARGWA,0
TNFFGINTIPIALT,1
FLLPDAQSI,0
AMTITDIRLDEKSGG,0
RHVKPTGSAVVGLSM,0
DHHVVFHLAAHVNVD,0
LRAAVDILEHIDHIH,0
GLGSPALLYLAAAGV,0
DWWLVRLLGSITPTE,0
EVLLRIFDDGDFLDV,0
FKDYVAFPALTSLSP,0
GKPTEKHIQIRSTN,1
LNMVLIAAWGHPLPN,0
QQWNFAGIEAAASAI,1
CILAWILVRIINVRS,1
AAQFNASPV,1
STSPNQQLLASLDLA,0
ALDLLNAPTQALLGR,0
RRDIELIHEQLADAG,1
PTSPFAISTYFSALL,0
GGVGGSGGVGGVFGN,0
AQIYQAVSAQAAAIH,1
ESGASYAARDALAAA,1
GDVQPAEVVAAAR,0
FYSDWYQPACGKAGC,1
MVAQFGQMI,1
QAFRSRFGENFFYIL,1
IVDYYNFFLSGGFLA,0
TQYTQLMGQLINAIF,0
AMAQDAINAVLIERA,0
TAAVELARALVRAVAESHGV,1
LAAAITLWLGLVAQF,1
AAFHSRFVQALTTAA,0
LLYLAAAGVGTIGII,0
YGEMWAQDAAAMFGYAATAA,1
FGNMNSNVFDSTSGF,0
GLYRQWALA,0
TCNYGQVVAALNATD,1
AHGQDYQALSAQLAV,0
KVQAAGNNMAQTDSA,1
YQGVQQKWDATATEL,1
MHVSFVMAYPEMLAA,1
LMHYRGELL,1
MSTQRPRHSGIRAVG,1
QAVLSSAWQGDTGIT,1
AIAATEFDYLEMWAQ,0
MKVKNTIAATSFAAAGLAALAVAVS,1
SAWQGDTGITYQGWQ,1
AGKTTLLAAMLGAVS,0
AAAALPTTGVVAAAA,0
KLNPDVNLVDTLNGGEYTVFAPTNA,1
NQAVTPAARALPLTSLTSAA,1
ATHYQSLNAQAAAFH,0
SDAAHFDYGSALLSKTTGDP,1
DRYINWAKDQPQYPY,0
GVAVVNDLTEAMGLV,0
IQGNVTSIHSLLDEG,1
LLFRFMRPLI,0
TLTWLFAFV,1
KTDAATLAQEAGNFE,0
SGGNNSPAVYLLDGLRAQ,1
DHPHAVRILARAWLY,0
AAVLNRLRRAQGQLA,0
AYQELSAHAVAFHEQ,0
FDGRSEFAYGSFVRT,1
ALQSHDDVALVSVMW,1
GRLKGILKYYDAPIV,1
SGMAEATSLDTMTQM,0
NGEQLIVNQDELLQR,0
GRPLIGNGANGVAGT,0
GLIGNGGRGGNGAPG,0
EAAFAATVHPALVAA,0
GAIGTFEDLDFDAVA,0
AMGQGAQSGGSTRPGLVA,1
GTVVAVGPGRWDEDG,1
AAQHRQIVADFCDFL,1
PQSIIHSMVTFIDGS,0
SLRAGERVLIHAAAGGVGIAAVQFAKAAKAEV,1
TPSLPEIAANHITQAVLTATNFFGI,1
ESTAGSLQGQWRGAA,0
CEYEIDEAAPAYAEL,0
ALAAATPMVV,1
WIFGWNRLPRLVHLACI,1
AAGTAAQAAVVRFQEAA,1
SMAGRAGQL,1
YAIVNNRQKDAATAQTLQAF,1
AIAGILFLHSGLIAL,0
GPITVLPIQILPTIP,0
TSPLSNHPLAGGSGPSAG,1
RGKVVLIDFWAYPCI,1
KPRVFYDLVVEVALI,0
KVQSATIYQVTDRSH,1
QQKWDATATELNNAL,1
DTQSMIVTDHRYVPA,1
WQRNDPLLNVGKLIA,1
DEVWRTIHKHKVNLL,0
LFPRAILHFEDFGPA,0
NGVFDFPDSGTHSWEYWGAQ,1
ASIFEAAQAATVLPA,0
IRQLERLLQAVVGAG,1
ATVLAQALVREGLRN,1
RHTGWLAAAATQAEG,0
MAEMKTDAATLAQEA,1
ASAAALAGDAAGAWRTAA,1
ARSDADIAALAEVTE,0
ISGDLKTQIDQVESTAGSLQ,1
GASAAAAALAPWQQA,0
AALDNFDFDYVFVDC,0
VVMPVLKK,1
AIQGNVTSIHSLLDE,1
KDTQGADGPAG,1
DLVTVHSRTIPFENL,0
AAASWDALAAELASA,1
MRFAQPSALSRFSALTRDWFTSTFAAPTAAQA,1
SEFAYGSFVRTVSL,1
DYVYNIKANPAVRVR,1
AEGWSVIVKVRAQVL,0
AAGAIIETFVIAELR,0
MSQIMYNYPAMMAHA,1
LDEISTNIRQAGVQYSRAD,1
VCGGTGAGKTTLLAA,0
LLLDVTPLSL,0
FHEQFVRALTAGAGS,0
IKFQDAYNAGGGHNGVFDFP,0
AIGLFRYQLIREAAD,0
APTPTTPTPQRTLPA,1
DELGVSRQRVHQLRS,0
GTVVAVGPGRWDEDGE,1
SLDANGVSGSASYYEVKFSD,1
GYAGTLQSL,1
EIVQFLEETFAAYDQ,1
MWRHLWLMQPQRRYP,0
LKAAGGPRGAQSGHG,0
DFDGRSEFAYGSFVR,1
GHSGAHGAMGSGGEG,0
AAFKHLTVRDNVAFG,0
ALLALTRAI,1
HTLQQDVINMVNDPFQTLTGRPLIG,1
GLAAELGLAAESFGL,0
AVISQRMRGQQVDQL,0
GKAGCQTYKWETFLT,1
KWDATATELNNALQN,1
GKLIANNTRVWVYCGNGKPS,0
IPKLRQGSY,1
AMIRAQAASLEAEHQ,0
GMMIVVARHLRQAAI,0
AQFVPATSLPTPNGG,0
FMSLAGFVRM,0
ADSGPRYGVKPIVMPKHGLF,0
ATFRTIIVVGALISMFGINVAASFGA,1
GKHVLIIFDDLTKQA,1
EVVDYLGIPASARPV,1
IPVVSVTKSVGFQLRGQSGPTTVK,1
PALFVFRPLLNLALR,1
FTRRFAASMVG,1
DVRVRRAITAMAGGH,0
KHSSQLKHAAWVINGLANAYNDTRR,1
DGLVDQLQIDYPPLA,0
LSSLFLLASTAALFS,0
GEMWAQDASAMYGYAAASAV,0
PAPRRIKVPAHVAAN,0
VELTARLNSLGEAWTGGGSDKALAA,1
GGGSDKALAAATPMVVWLQTASTQA,1
TVYMIDSVLMPPA,1
GTHPTTTYK,1
GPDHTSARIERFLQL,0
DALAALTGTIVLLMA,0
IAGMRLLVIKPEPLA,1
ILPSDAPVL,1
AMLGHAGDM,1
RADEEQQQALSSQMGF,1
DQVESTAGSLQGQWRGAA,1
TASGLVIPDTAKEKPQE,1
EQQTTIRVFTGLTLL,0
ALLWLADQVDAALEK,1
LNAMKGDLQSSLGAG,1
AAVPAVGAAAGAPAA,1
ETLRSLYFLSSRVSG,0
LAAAAAWDALAAELY,1
QEFITQLGRNFQVIYEQA,0
HERYPNVTITA,0
QGGLAPVMMQQTFST,1
NTGLFNMGTAISGLF,0
VTGSVVCTT,1
DVRDDRRVFVESPAD,0
FLRIATSARVLAAPLPT,1
LYAQLIDLLDMVVDV,0
AGWDTVLQSITTILA,0
FGFGNTGNNNIGIGL,0
LAESIRPLV,1
RHRLHDAWWTLILFA,0
NQGGWMLSRASAMEL,1
QQTAWAPRTSGIAGC,1
AGGNGGAAGTGGTGG,0
AWMSAAATQAEQAAT,0
DLVAIGIANQIAAKV,0
PVQRHPRSLFPEFSE,0
KPRIITLTMNPALDITTSVD,1
TQARAAAAAFEQAHA,0
VMTTVLATL,1
DHEGVIDSNTTATSAPPRTK,1
AVVRFQEAANKQK,1
FNDFLIHMAPAVLVV,0
AGGICELQVWPDQMH,0
AAAAYETAYRLTVPP,0
NVTSIHSLLDEGKQSL,1
RKGRLAALAIA,1
RSYSLTSSPAASGSA,0
ARLMAGAGPAPMLAAAAGWQTLSAA,1
GDLKTQIDQVESTAGSL,1
VAVSEGKPTEKHIQI,0
AGDDAQAAAYVEASV,0
KYIFPGGLL,1
ELLSGLVPQISIILG,0
AAAMAAAAAPYAGWL,0
TTIFPDHVVGRVGALLALAALIHRD,1
LLWQDPVPA,0
KVALEAPLKQIAFNS,1
GAAGTAAQAAVVRFQ,1
QMRACARRL,1
YVAWMSATAALAREA,1
APTLLYLAAAGVGTI,0
NSYAVAEAATAQSVQ,0
IADAALAAL,1
FVQALTAAAGRYAST,0
NNRPIRLLTSGRAGL,0
SIHSLLDEGKQSLTKLAA,1
CLFKGIARGVKEFAP,0
ALFWVYVATLMVPGT,0
GRPKVESAAEAVAEI,0
ALFDTSASLAEQELV,0
ASMLGTVTNSPGVPAVPWGA,1
QTAPGHMLGGLPLGQLTNSG,1
AYGSFVRTV,0
AEHQAIIRDVLTASD,1
PGVPPGAGGAGGAGT,0
PMAPLAPLL,1
AAPLRIMILLVLVTA,0
GSFVRTVSLPVGADE,1
AGGAGGNAGVAGVSF,0
HPMLVAANRNAFVQL,0
YTGTTQSLGADIASERTAPS,0
RPRYEIFVY,1
SSIPMTAVSGVGAGDAMVAA,1
MGDAGGYKASDMWGPKEDPA,0
ERYVGLYLPFLDMSF,1
VLLEDGGVEV,0
DLLADAVERYLQWLSKHSSQLKHAA,1
QIPKLVANNTRLWVY,1
RNGVIVRKARAHGLA,0
ELVRADVTTPRLLPE,1
DSHGGMGCAEVIAEV,0
QLSYLTQTTLALDET,0
KPGCDAPAY,1
PDTAKEKPQEGTVVA,1
IRVRNASWQHDIDSLFCTQR,1
LTFLGFIGVLLAINLFGNRAIKWAN,1
QMPYQPVQSPTQVEA,1
LNNALQNLARTISEAGQAM,1
ASVRWRAVLLAAVAA,0
AGGAGGTGGAAGTGT,0
ITPDEGAYAFEALLR,1
ATVEAAVSVFEAEVV,0
AYTGGGDVYFDVLSY,0
EWLYQSWAAAYLPLL,1
MTNSGVSMASTLHSMLKGFA,1
FSRPGLPVEYLQVPSPSMGR,1
MTEQQWNFAGIEAAASAI,1
QAQTRHPAT,1
IEDAVRNAKAAVEEG,1
MPSQTAIVATETFAP,0
WSEYSRFVGDVFGAPLA,1
KVLGYRNWLGLNKGD,1
PSADEVKAKLVKIAG,0
CVVNVLYFGAVREAC,0
TVWAPRTSGIAGC,1
SLRNWIATL,1
GVNAPIPGI,1
FGGSGGVGGSGGDGG,0
GSFVRTVSL,1
LGALTIVPRLVAHPT,1
TSLSAEYASAAQELT,0
NELQVVLGQLEVAAS,0
KMVAGLIPDARPGRD,0
MYNYPAMLG,1
KQELDEISTNIRQAG,1
AYVGLERFLAGLRDY,0
AWQGAAAAAMVVAAA,0
YAAALVAMPTLAELA,1
DGRTARVPGDEITST,1
ARVIESLVMAYEETL,0
QQFIYAGSLSALLDPSQGMG,1
DAAESWLAAHHDDLV,0
YLAWLSTAAAQAEQA,1
GKTYDAYFTDAGGITPG,1
QHVNNYATAWSAYS,0
KVLGYRNWL,1
FDAFVLADTLRTDRS,0
GDSLLPDVQNLRAIS,0
ESTNTKIRLLTRIAF,1
AGIEAAASAIQGNVT,1
GLAGTVLRFV,0
DEAIALNNAVPQGLS,0
FGNAGFVNTGFDNSG,0
TGWTAMRGQRLDDSI,0
FMYEGDTPL,1
QKDFDGRSEFAYGSF,0
VKVTRSALQNAASIA,1
LDVAEGDTVIYSKYG,1
RACQGDLGMSHQDWQAQWNQ,0
AQFNASPVA,1
LQSLGADIASEQAVL,1
LVRAVAESHGVAAVLFAA,1
AASWLGVGSAASALN,0
VMRLYPVRLTTTMTR,1
APKTYCEELKGTDTGQACQI,1
SNVAGVNTPAIADLDAQYDQYRARN,1
ATGEFVKDEIRPGQG,0
DPGKLVSMLPVALAL,0
AERLHVTPSAVSQRIKSLEQ,1
IVINNQLKRTRGGKI,0
NRAAYKFIDYDTDPA,0
YLDLALMSV,0
AAFSKLPASTIDELK,1
IMIVSLGVTASSFLFINGVAFLIPR,0
AMPPELNTA,1
ATSLDTMTQMNQAFR,0
MTEQQWNFAGIEAAAS,1
ILPFVNRISGALLVV,0
GGNGGNAGTAGSGGA,0
LNSGQYTVFAPTNAAFSKLPASTID,1
GSVDILINNAGTNPA,0
HLHTDHIVDYYNFFL,0
ADSLSAAAEQLRLMY,0
AVNVVLLSIPTSPFA,0
VNLVDTLNSGQYT,1
ALSAGVGAV,1
SLTALSAGV,1
GVSTANATVYMIDSVLMPP,1
KGRLAALAI,1
GRMLPYVIEL,1
IMLLAYYIAAVNIES,1
ASPVAQSYL,1
YEKIGAELVKEVAKKTDDVAG,1
IVRDVLAAGDFWGGA,0
TDRFRPDPAARAELR,0
FLTCDANLAV,0
LADNSAHVFVEADIV,0
SPALYLLDGLRAQDD,1
IYAGSLSAL,1
GAAQYIGLV,1
ADLILLYLIQHCPDL,1
LGACLALWLSGCSSPKPDAEEQGVP,1
GIWVDSAGQLVDEPAPPARA,1
LTKLAAAWGGSGSEA,1
LTSELPGWLQANRHVKPTGS,1
AAYQQRFVLALSQAG,0
AVVRFQEAANKQKQE,1
ASYYEVKFSDPSKPNGQIWT,1
ASREHTDPFGRKVRI,0
AACQKLLQLLQGDTT,0
TPVEVLELAVALRPE,0
NYIPQQLAL,1
DGGGGGAGGTAVAGT,0
ALQNLARTISEAGQA,1
AVPETIAAAATDLAD,0
MKPDLQRALGATPNTGPAPQGA,1
SGETTTAAGTTASPGAASGP,1
SIDLGSGSIQLTQSKWNEPVNVD,1
AGGAGGNGGIGGAGA,0
ALTALGMLDHQEEDL,0
GLPGLRAIFAELLGI,0
ARVEAGEELGVTNKG,0
FLYELIWNV,1
VLAGSVDEL,1
RSHVYAHQAQTRHPATATVI,1
SGGANSPALYLLDGLRAQDD,0
RAGPAAPAASVPAEP,0
HRRPSRS,1
SHLISDVADAVLSFASPVMS,1
AGGGAVGGVQTPQPY,0
TLLYPLFNLWGPAFHER,1
EPARGRKRTLSDVLN,1
ASGLVIMKPSTLRMI,0
VTVTFMLVWLINHHGWSVAQ,1
NYEQQEQASQQILSS,1
HQDWQAQWNQAMEALARAYR,0
VANNTRLWVYCGNGT,1
EVTVRQLVRQALRMR,0
GGLPLAGAGGAGAGP,0
IYHPQQFVYA,1
GLPVEYLQV,1
EAYQGVQQKWDATATEL,1
YFVTDAAERQAVLED,0
TRMGYGPLVRAATGVTRVWTSDEAQ,1
QFLNLDVPLFVESAFHGLGG,0
LAEIRHWLQIFVQRF,0
DNIGNANIGFGN,0
TGSAVVGLSMAASSALTLAI,0
EKRYGRIEPLPKHDT,0
ALAMEVYQA,1
PVKVALINNGNLGMV,0
AATVDPFVIAANRSR,0
AGPGYFNSSATPSSG,0
GLYGAQYDV,0
QQFIYAGSLSALLDPSQGM,1
GAAILVAGLSGCSSNKSTTG,1
SSLLTSILTYHVVAGQTSPANVVGT,1
RSCPRLTIL,1
ALSAEYAAVAQELSV,1
LTDGNPPEV,1
LFEKLEPMASILDPGASQSTTNPIF,1
RADEEQQQALSSQMG,1
YLLDGLRAQ,1
VKDVLLLDVTPLSLGIETKG,1
AQAYQALSAQATIFH,0
ASASLVTVAVPATAN,0
CGVFVFLILRALGEL,0
LVYGDVIMR,1
ARDVLAVVSK,1
VLLAFNCHERPYDLD,0
ASAIQGNVTSIHSLL,1
EFAYGSFVRTVSLPV,1
MRVVRSRRSQMSFVI,0
ATMITFRLRLPCRTILRVFS,1
GAYAAAEAANVSAAQ,1
AANAAAAGSTTALLT,0
AMGDAGGYK,1
MKRGLTVAVAGAAILVAGLSGCSS,1
GVQYSRADEEQQQAL,0
APAPAPAGEVAPTPTTPTPQ,1
ERSREALIESGVLIP,0
FYNEKAFLLTTFDVS,1
DQALDMVRDVITAYV,0
EWTVRHTVAAWPAVC,1
RSVPSLLQERADQQP,0
VSIARALLK,1
TVGGAAPGGGAAAAVAHAVA,0
DNGVGYVGLVASTVR,1
RAMVAALTSVATQIK,0
HTVLVATNFFGINTI,1
IPPRGTQAVVLKVYQNAGGT,1
KMTYAIVVADATKRY,0
QAMEDLVRA,1
IEPRGAQAL,1
GLEPGVVAEKV,1
RVCDIHLDVPLYWQCWKLDSPIIAR,1
HRGGDNRAAVLVEIT,0
FLHSGLIALPPDLAS,0
SARLRLLRDRLVEGV,1
MAVWVILRAMEALDL,0
GQRRWRRSPPTGRYR,0
IVFATAARY,1
AQEWLRFGWFFLATR,0
ATFAEIGHK,1
MTEPAAWDEGKPRIITLTMN,1
VADIHFQPRYIFAAI,1
FALTVPPAEVVANRALLAEL,1
GGYSQGAAVAGYVTS,0
MSFVIAAPEVMAAAA,0
LEEIGILLL,1
GAMVATNFFGINTIP,1
GIVALIALGILEHFD,1
FDHVPEQAFFLIGGL,1
NRDDGLQDMLVRKAFRRAITRPTHF,1
GYHTGASAAAEALAP,0
PAATIDQLKTDAKLLSSILTYHVIA,1
ALTAVTVTALTVYDM,0
AGVDVDVVAAALAES,0
IGTEHLLLALLELED,0
TVRYRIRRIEQLLST,1
VLTATNFFGINTIPIALTEMDYFIR,1
ETVTWILRDLGVYAI,0
THEANTMAM,1
RSEFAYGSFVRTVSL,1
DQLSDAVLAAEHLGE,0
PVSQVTTQLGETAAELAPRV,0
IVSMLNNHVSMTNSGVSMAS,1
RPVIIVVNDNGRSYA,0
AAARLAVASEELAAH,0
ELSDLIEFARNVNAE,0
APDGYPIINYEYAIVNNRQK,1
AIPSAGLSGVAGAVG,0
NIRQAGVQY,1
LSPLSNMVSMANNHM,1
LIGNGGAGGAGGVGA,0
RMPAVTDLV,0
AVHVWLRLPAGRVEI,1
ATATGVAAAAAAYAH,0
ETMRFAQFVTAYEDI,0
GKQSLTKLAAAWGGSGSEA,1
GADATAAAAFEQFLA,1
CGNGTPNELGGANIPAEFLE,1
WVWLADDDGHAQDAR,0
SMSGTHESNTMAMLA,1
VSIPTLILFK,1
LDWFCLFSSAAALTG,1
RSRPRRTTRRMDRRT,1
LPGTAVVPL,1
FVSALRSKVNKNVGV,0
ILTVSVAVSEGKPTEKHIQI,1
AAVLIDGMDLVVLGL,0
EKMYKNSIAIAIGTL,0
FVNPHDIVLFPAWVW,0
MVQIVQVRVLATELQ,1
ALEMFYDDDADLSII,1
ELADLIEFARTVNEE,1
QLSALWARFPLPVIP,1
GLSVVMPVGGQSSFYSDWY,1
TGGTAVAGTAGKAGD,0
PAVSQFNARTADGINYRVLWQAAGP,1
MATTLPVQRHPRSLFPEFSE,1
AAVPQLLQQLSSTSL,0
FGQNAPAIAAAEATY,0
MLQDMAILT,0
SAIAATEARYGEMWAQDASA,0
VAGLSGCSSNKSTTGSGETT,0
KRIPLDVAEGDTVIYS,1
GASQSTTNPIFGMPSPGS,1
AMGPTLIGLAMGDAGGYKAS,0
EAGEELGVTNKGRLV,0
GKLILVNDDDLTYCS,0
VPSPSMGRDIKVQFQ,1
IVLVAVLFLGSPISV,0
PPRDLVFAFVADEER,0
QRAAEPWRDDQRSRS,0
LLAVLTAAPL,1
MSGHALAARTLLAAA,0
NAPPPPVIA,1
AAAASPLQALQLELL,0
AKTDQRYFVPQQFEN,0
GAASGPKVVIDGKDQNVTGS,1
ALVAEGIEAIVFRTL,1
LARTISEAGQAMASTEGNVTGMFA,1
GLFLTTEAV,0
AARLNPLTRPSHITNPAGLA,0
SLYFGGICVI,0
AASQQLRELAFSADT,0
AAASAIQGNVTSIHS,1
MSALLTELAAQAERQ,0
IMYNYPAMLGHAGDM,1
GSAADIAIQAEQFAV,0
LDPGASQSTTNPIFG,1
AVAWVSLSSLLPAGA,0
NSGFGNAGTNNSGFF,0
DMWEHAFYL,1
LIILRKRENFRRAFS,1
PHVKPAALAEQPG,1
AASVFARRVPLAAAV,0
AAGSSATGGAAPVGAGAMGQGAQSG,1
ANTMAMMAR,1
VVEQLSFDEAFAEPP,0
DVLSQPMLPHTWDGS,0
RLGLCALAL,1
SILDMRQLFDGIDLS,1
TLSAALDAQAVELTARLN,1
ADTYDYVRLASRAAE,0
LMLPGMNGI,0
QPRLFQVLVISGRRF,0
MATTLPVQRHPRSLF,0
AVTFVNAPAFAAERG,0
IAAMASASL,1
AAADQARAAVVAYET,0
ATPGLFAVLRARNRM,0
ALGMLIAGL,1
AQEYQALSAQAAAFH,1
VVHPAVVQANRVRTWLLAVSNVFGQ,1
AGKPLLIIAEDVEGE,1
GWSSLGREYAAVAEE,1
TTTVLAAAADEVSAA,0
GRAELSSIVVLLTNNTA,1
AAFRIVVGSVRIPPV,0
RANPLAAKGVCTYNDEQGVPFRVQG,1
AQARLAIAAYEAAFA,0
AGYELKQRIIEHLKQ,0
AAANQLMNNVPQALQ,0
FAYGSFVRTVSLPVG,1
LAMELASAAASFNSV,0
VRILRRVHHRKYLTD,0
AGQARAAVAAFEAAL,0
AAGMKRITVSLDTLQ,0
AGATTTVLAAAEDEV,0
HVYLDTVVLLGALAN,1
TQVLVPRSAIDSMLA,1
AGGHGGTGGAGGAGV,0
AAAWTKFLDDYLTRR,0
AYGLTVPPPVIAENRAELMI,1
AGGTGGSAGTGGAGG,0
VLIAFGRFPI,0
LGNGGILGVAAAGEF,0
KRVFAEAVASATPAG,0
TATELNNALQNLARTISEAG,1
QVAIGVLRQQLAPGQ,0
GTLPFAVTSLVSGLA,0
GGSGPSAGAGLLRAESLP,1
GGTGGGNPADEEAAQMGL,1
AQFVQTLSAGAGAYA,0
ANNTRLWVY,1
RASPSVAGGGAVGGV,0
WNGIAVEVSTAASSVGSVIT,0
PEPAPPVPTTAASPPSTAAA,1
LPTAAAAGRAPAESS,0
QPVSSPDVLTTYILL,0
LEVPAMGVL,1
GDLRVIILEGQPIHV,1
LTSELPGWLQANRHVKPTGSAVV,1
TGFYRNKAASLIGLG,0
AMEALARAYRRCRRALRQIG,0
RNFQVIYEQANAHGQ,1
LLDEGKQSL,1
APNAAAAGSTTALLT,0
WVYCGNGKPSDLGGNNLPAK,0
MLGNAPSVV,0
VDLIAHGTAARIYRL,1
LTVDAGAYASAEAAN,1
MRSPIRVGSGEPVLL,0
MTINYQFGDVDAHGA,0
QAMASTEGNVTGMFA,1
ATFNLSTSSLALFPA,0
ARSTIIAGALLLVLG,0
HVTPSAVSQRIKSLEQQVGQVLVVR,1
DPINEFFLANTGRPL,1
DGISTTKITGTIPASSVKMLDPGAK,1
DNLVRTISLQPTDGL,1
GLGSLISNLPNAVMG,0
TRHPATATVIDHEGVIDSNT,1
DAHGAMIRAQAASLE,1
FYNSTSILQRRVVFR,0
AASSALTLAIYHPQQFVYAG,0
YQGWQTQWNQALEDLVRAYQ,1
AGGIGGAGTGTGGHG,0
FSLVNFFDAQVGPLS,1
TMFAEQMKILVPVFTSND,1
ADLVPTATLLDTY,1
NAAEAFAAQLVTAEQ,0
FASLVFYSAWFKLHH,0
FLLQLGGIRALGYSP,0
QKQELDEISTNIRQA,0
SDMGEFYMPYPGTRINQETV,1
RQSGATIADVLAEKE,1
AMSACASGVYLVDVRPKLL,0
LSPISNMVSMANNHV,1
ARRPQNLLDVTAEPA,0
ERFGIQINKTSINSV,0
MIRAQAGLLEAEHQA,1
DAATAQTLQAFLHWAITDGN,1
MRTFRWSPPNRVPTS,0
LRQHASRYLARVEAG,1
GKIRSFIQQIRRKRQ,0
ILTVSVAVSEGKPTE,0
AVIVGAVGAGVPVPL,0
AVINTTCNYGQ,1
ESLVSDGLPGVKAAL,1
NLAICLVLIYAIALV,1
VHRPFIVAQRRQNAR,0
KGLMNIALAISAQQVN,1
GARPLIYSQQRLHPL,0
PQNLLDVTAEPARGR,0
YNGEEYLILSARDVL,1
FALWDALDLGDHVVL,0
KSLTLKGFKSFAAPT,0
AITILLLVILLIIYG,1
QQWNFAGIEA,1
HDLVVIFRAAMANPV,0
AGAMGAYAAAEAANA,1
GQARAVASIFEAAQA,0
WVYCGNGKPSDLGGN,1
GQNTPAIAAAEAEYE,0
QLSDVIDRL,0
CDPTGVRRVRKKHSE,0
GILTVSVAV,1
AVARLVAISK,1
AGIERTFVAYLKMAGKTAQDT,1
PLFQEQLMQLAVDCA,0
IGLVTQTINDFYFVI,1
YAGTLQSLGADIASEQAVLS,1
LQVVLRGYASMVAEL,1
DRRRMMMMAGFGA,0
RELIRAFWPGALSLV,1
AAAGTAVQDSRSHVYAHQAQ,1
AATGIAAVLTDGNPPEVKSVGLGN,1
AASTTALAAAGADEV,0
STIFPFRRLFMVADV,1
SFVRTVSLPVGADED,0
GWAGAAGGTGAGGTG,0
TEVGQDQYV,0
FDQLSELWKAISPHLSPLSN,1
DAISHIKSMASSCPN,0
IAENRAELMILIATNLLGQN,1
GGGTSVVGGLDPVRN,0
MNRHSTAASDRGLQAERTT,1
VTANRAELKALIASN,1
CCVHVAKPNRIRLAD,0
LLDGLRAQDDFSGWDINTPA,0
LSAGAGAYANAEAAN,0
QAVLTATNFFGINTI,1
ETFLTSELPGWLQANRHVKP,0
APRAIVHFYNSTSIL,0
GGSLTRTPLMSQLIEKPV,0
AGAQAEGAAAAYEAA,0
STAGSLQGQWRGAAG,1
TTGDPPFPG,1
ADLPRLIRLLATRSA,0
EEPRLFYMHYWAVDD,1
ALEAFAIAVA,1
GLLSWPQINQQLGIA,0
AEHQAIVRDVLAASD,1
WRRRPLSSALLSFGLLLGGLPL,1
LLDVRIEDQDHSARLLREGVAMGAV,1
MDYFIRMWNQAALAM,1
GLLHHAPSL,1
AGGAGGAGGGAGGAG,0
AGIVKAIYTYHSKTL,0
DGLVRDANNYEQQEQ,0
AGGAGGAGGNGSLSS,0
DNRMTIVRLLGISYF,0
GHEVIKVCALARSDT,0
NFAGIEAAASAIQGN,1
GCQTYKWETFLTSELPGWLQ,1
DTLLFFAGLFVMVGA,0
LTHGAERASVAEIER,0
IIRDVLTASDFWGGA,0
RRMWASAQNISGAGW,1
DVPAVVLDIHETMVI,0
ALRILVYSDNVQTRE,1
ESHGVAAVLFAATAA,0
ALQDFSLFQVLRYGF,0
AVADHVAAV,1
AGMQAAAAAAAYEAA,0
FVNTLVASSGSYAAT,0
AGRICFAYTNFGFGG,0
APSIILTTSSVIDEV,0
RDGQLTIKAERTEQKDFDGRS,1
AAPEPVARR,1
DDIPRVLAEAFHIAA,1
VDFGALPPEVNSARMYGGAG,1
AGVQAMVELDSDELR,0
AATGYASVIAELTGA,0
PYNLRYRVL,1
DMLGRAGGL,1
TGGTGGAAGTGTGGQ,0
DITEQLVAIIEFKRR,0
YHPQQFVYAGAMSGL,1
AVAVVAMAAI,1
RPKVEGLEY,1
AAGADDVSAAIAALF,0
RECVGSELLTEPEQLAAAHE,1
AKLLIDNRIVINNQL,0
EMLSMLRAMLAPESL,1
ADTGRFEVFAPTMAG,0
FVDAEDIIAISEEVL,1
ASGGAGARAGANGLA,0
YSKYGGTEIKYNGEE,1
ARRMWASAQNISGAG,1
GRRRGWVLLTALLVL,0
NQAFRNIVNMLHGVR,1
SASMGRDIKVQFQG,1
AAIIRHDLPLRSRDR,0
LTATNFFGINTIPIA,1
PQLVQLAPHAVQMSQNASPI,0
THSWEYWGAQLNAMKGDLQS,1
GLEPGVVAEK,1
KPGTKSGDRVGIWVDSAGQL,1
RLPLVLPAV,1
TGSAAIGLSMAGSSAMIL,1
AMEDLVRAYHAMSSTHEA,1
GWIISNIFGAIPVLG,1
SMADRAENL,1
AAELQLAFQQLLVGD,0
NTIPIALTEMDYFIRMWN,1
VHRRAMIVAEELWIY,0
DEDGEVMRDYRLRVS,0
GYAGASAAATPLTPF,0
AMVGYHAGAAAVAET,0
EITSTVSGWLSELGT,1
DTGITYQGWQTQWNQ,1
TEAYPSRTDVKLATEPDAHYVLVST,0
QAAAFHDRFVQLLNA,0
SPSMGRDIPVAFLA,1
ELFVAAYVPYVAWLV,1
GGGVPAQAMDTGAGARPAAS,1
GNFERISGDLKTQIDQVESTAGSLQ,1
LPAERAHEL,0
MAAHKGLMNIALAISAQQVN,1
ADHAIAAAAATFTAW,0
FEFDNAEHIVRHTIA,0
ALLGGLRPV,1
GGIGGNAIVAGGAGG,0
PSMGRDIKV,1
TLLYPLFNL,0
PTRDNAVVLSGVELV,0
AMASTEGNV,1
ALSYSSVLSTLTGEE,0
DVLHAFNPRIVLAGSSAFGN,1
GRLYSTEFYALAARA,0
FLLGLLFFV,1
GIVSGILLSI,0
SLFAALNIAAVVAVL,1
AIGTAAIVLVAVLFL,0
MYGYAAASAVAARLNPLTRP,0
ATATELNNA,0
GLYLSQIAV,0
APYVAWMRATAIQAE,1
EQNLLNLINAPTQTL,0
GLIDIAPHQISSV,1
TATSAPPRTKITVPARWVVN,1
DIKVQFQSGGNNSPAVYLLD,1
LEDKILVQANEAETTT,1
DRYRHLVALSITDFGAAGPRSSWRA,1
AAALYAAFAFLDELD,0
AAAAVVLEEFAHALT,0
VAPLYGVSRVTVLAS,0
SDPALLAEIRQSLDATKGLTSVHVA,1
EFLPLLRRLGRFLPA,0
GAGGLIGWAGAAGGT,0
LDGTGWAVPEEDGPIAVMPP,0
LQRALGATPNTGPAPQGA,0
AAAAGWQTL,1
NQFVRALNAGAGSYA,0
IPKLVANNT,1
AGRFEVHAQTVEDEA,0
AIIGAFAARRWYRKW,0
QTLVYKGMLTTPQLK,1
AVITELIAMLRHHHI,1
ARFIRFSDAFDIPLV,0
AAGTYVAADAAAASS,1
FRVVISSRFGDIFRG,1
ELALLSMHLDDEQRRLEA,1
AEKVRNLPAGHGLNA,1
DYRYRRLPAARRAAH,0
APAIAAAEAEYEQIW,0
DTLDDGRRQLD,1
GGWWLTFGQILGLAQ,0
DWWIVRLLGSITPTE,0
AMHLLLNMWALYVVG,1
EIYLNTFRHLYGLDC,1
ENFFMFIAEEVREYL,1
ISTNIRQAGVQYSRA,1
KTRAMQATAQAAAYTQAM,0
GAASGPKVV,1
FEWYDQSGLSVVMPVGGQSS,0
QAARGIRPLFDDITE,1
QWRGAAGTAAQAAVV,1
TATNILGQNVSAIAATEARY,0
INLIIHYVHRAGALG,1
YMPYPGTRI,1
EGPGADSLFFASGQL,0
VHVADFVDVFPGQRI,1
GLGNVNGVT,1
PTGPASVQGMSQDPVAVAASNNPEL,1
GNPNRPDGGILT,1
AGWLSAAAASAESAA,0
NNTRVWVYCGNGKPS,1
KIFMLVTAVV,0
DKILVQANEAETTTA,1
ERIPKFAHLPTVLGE,0
AGGAGGAGGAHAGDG,0
MASAAAFETAFALTVPPAEV,1
IEAAASAIQGNVTSIHSLLD,1
AQHNWAILHALPELV,0
PMKRTALAL,1
DEPFGALDAKVREEL,0
ALQVIADNPDRFEVV,0
GERWRRRGRAASATA,0
GLIDIAPHQI,1
AASLLDEDMDALEEA,1
TAGSLQGQW,1
LLSVLAAVGL,1
EVWAIDGDGCFQMTN,0
PMLAAAAGWQTLSAALDA,1
FGIANTGNNNIGNGL,0
AGAWRTAAVELARAL,0
DGLVLNFDDYNELVI,1
ALGERRLVRLLRLGG,1
VLEDARSIARSEGKS,0
LLVSSKVSTVKDLLP,1
AAAAEWTSLSAEYAS,0
DPIELNATLSAVA,1
AANKQKQELDEISTN,1
GGLYYIFATYTTTVDF,1
AIYSTFLNRAFDQIM,0
KTGLVVDGRSVDRVA,0
GWVVMSFVVAVPEAL,0
NRASLMQLISTNVFG,1
LIASNVAGV,1
LAQEAGNFERISGDL,0
SFAAAGLAALAVAVSPPAA,1
EAYQGVQQKWDATAT,1
ENVVDLLNMIDPLKL,0
ALGMGGAAPGASAAS,0
TEQKDFDGRSEFAYG,0
FIEIHMMYSALVGGD,0
DMWGPKEDPAWQRNDPLLNV,0
KPNRIRLADQLARSS,0
CDIVGRLRDERPNTL,0
ALRRLKGFDQILKLMSGMLR,1
ADGVRLHMLRHQQIL,0
FPSIVGDEFCLLDGL,0
SSYAATEVANAAAGQ,1
GCQTYKWETFLTSELPQWLS,1
VTSIHSLLDEGKQSLTKLAAAWGG,1
VLPGAILRQLSDEEM,0
DTFVTLPAFSAGAQA,0
LPFRFQPVYIDYSPSGIGT,0
AAADLVSLLTASQFA,0
YSRADEEQQQALSSQ,0
AGLFVMVGALVKTGV,0
DVQNLRAISTTVAEA,0
IAIGGAATGIAAVLTDGNPP,0
PVGQLPPAATQTLGQLGE,1
AAYPITGKL,1
VALLALLLPYTAYKA,0
QWNFAGIEAAASAIQ,1
AAAAKLAGLVFPQPPAPIAV,1
EMWALDVSAMAAYHS,0
TGGDGGAANGGTAGA,0
TEVGQDQYVWHPIVNPEASP,1
MAMLARDGAEAAKWGG,1
RLSLTALSA,1
FQMNQAFHTMVNMLL,0
GIEAAASAIQGNVTSIHSLLD,1
KLEPMASIL,1
VAAYHQQFVQTLRTG,0
SSGLGAGVAANLGRAASVGS,1
AAAQAKAVASAFEAA,0
INFNCEVWSNVSETISGPRLY,1
TATELNNALQNLART,1
GVIAGGGGTGGNGGA,0
APQINFFYYLGEPIV,1
FWGGAGSAACQGFIT,0
GGQLVLVYAFDAHLL,0
QCTNFDQSIDFMNRV,0
FAMLPAYLLLVVYGQ,0
ITNMIRLLKLPIPVQ,0
VAVPATANADPEPAPPVPTT,1
PPPAAANTPNAQPGDPNAAP,1
MVDPQLDGPQLAALAAVVELGSFDA,1
YHPQQFVYAGAMSGLLDPSQ,0
IANNTRVWVYCGNGKPSDLG,1
GQNAPAIAATEAQYA,0
SLQGQWRGAAGTAAQ,1
EQGGIVIFVGNVRDH,0
AQAVYDFRSIVDYLR,1
AGVQLFRPAFLLAVP,0
ADFIQREVVARTGLR,0
DSFFHLAPLGQSGAL,1
CSEDLLYLSDLDFDV,1
DRQLHSAVAAAVGGP,0
DELDELDENWKGSSSDLLADAVERY,1
HFQPLPPAVV,1
AQIYQDISTQMAAFH,0
AESSLNPSLVSRISA,1
QQIAWAPRTSGIAGC,1
HSDPEFAAAAGFPRP,0
FLTTASAQAQLAAGQ,0
KITGTATGVDMANPMSPVNK,1
DGSKQWDTFLSAELP,0
NAHGQKVQAAGNNMA,1
TIYQVTDRSHDGRTA,0
ESGEEVAGEETRIAF,1
EYTVFAPTNAAFDKLPAATIDQLKT,1
GLVAPAPLAQEREEDDEDDWDEEDDW,1
AQPGDPNAAPPPADPNAPPP,1
TVLRFVPPL,0
AAYYIQQIISSQIGF,0
LEPGVVAEKVR,1
KEMWDAFAEEYLAPV,0
LIKSVRLGNAAGAAMLLTPG,1
AFGNGGVGGAGGAAV,0
FGQNTAAIAATEAEY,0
IEILIQLFLISLEIL,0
MTDPHAMRDMAGRFE,0
GDGTQLQVMISLDKV,1
ERMRIRAAGISATDP,0
GGIGGNGGSAAGTGG,0
ARVFAGAGSAPMLAA,0
EGGNQIVQYLVAQKI,1
GAAGTAAQAAVVRFQEAANKQKQ,1
LFAAFPSFAGLRPTF,1
AAVTWNANQTYFVTN,0
LAARTLLAAADELVG,0
MSFVLISPEVVSAAA,0
PAIAAGLNAPRRNRVGRQ,0
GTGGGNPADEEAAQMGLLGTSPLSN,1
AHARSYQTLSTQAAA,0
VAAPEVVVAAASDLA,0
CPLTHDDYRRFLAGK,0
AAGTAAQAAVVRFQEAANKQKQELD,1
HNDRGTAVAAAELGF,0
FGQNTASIAATEAQY,1
LAAPPPQRA,1
AALPLLFFALAGQRI,1
RLLDDTPEV,0
ADDRVVDGRVL,1
ELDEISTNIRQAGVQYSR,1
LDREISARREYELTL,0
GEGGVGSIL,1
EYWGAQLNAMKGDLQSSLGA,1
VGGAGFATDFEPVDH,1
GNFERISGDLKTQID,1
VRTVSLPVGADEDDI,0
ELADLIEFARTVNAE,0
MIATTRDREGATMITFRLRL,1
EIGWEAGTAAPDEIP,1
TAINSLVTATHGA,1
AANVRAFVMTSSTTV,0
GRRPGWVLLTALLVL,0
AQYDQYRARNVAVMNAYVSWTRSAL,1
PAAAQAVETAAQNGVQAMSS,0
MSGPMQQLTQPLQQV,0
LLPLGYPFV,0
ASATKDGSHYKITGTATGVD,1
QVESTAGSLQGQWRGAAGTA,1
NFTTRYLINDAAVLA,0
MWDPDVYLAFSGHRN,1
EQFVQLMSAGAAQYA,0
ANLWAADRYNRAIAR,0
LAAAITLWLGMVAQF,1
RALKRRNARTKAR,1
DDWPGMFLLAAASFT,0
AAWGGSGSEAYQGVQQKWDA,1
FVKAWKYLMALFSSK,0
MLWHAMPPELNTARLMAG,1
ARREYELTLESQLRR,0
LHLLYHVSHHLANIE,0
QYSRADEEQQ,0
AGFGSGVAGAAGAGG,0
AGWLAFFRDLVARGL,1
WMRLTARGRAGHGSM,0
SAAVVLFSPLIDLTF,0
SRFYFLTGRGALLQL,1
EDLVRAYHSMSSTHE,1
CCLFYRVPAGGKCGD,0
AAMASASLVTVAVPATANAD,1
WQGDTGITY,1
RQFLNLDVPLFVESA,0
AIRGIVHSDDFQIIL,0
EIIYFLAQLDVKEIH,0
AQAYQALSAQAALFH,0
IDQVESTAGSLQGQW,0
QTLLYQYTTTASNSP,0
PATPSAAPQHPPSVP,0
AAGGNGAIGGTGGAG,0
FLMSVGALIIGWLLQ,1
PPRDLVFAFVADEEH,0
AWGGSGSEAYQGVQQKWDATATEL,1
SPPNRVPTSRWCLPV,0
QTVEDEARRMW,1
GGQSSFYSDWYQPAC,1
AEGKTAALMAASAEV,0
TRPGLVAPAPLAQEREED,1
AGGVGGAGGAGWLVG,0
AELFRLQTEFVKLQE,1
DERAVEVALRSARRF,0
KIAFLAWHAWNDAER,0
GKQSLTKLAAAWGGSGSEAYQGVQ,1
QEAGNFERISGDLKT,1
TPAFEWYYQSGLSIVMPV,1
AINGDFILIAPEVQE,1
ATIPQGEQSTGKIYFDVTGPSPTIV,1
VGADEDDIKATYDKG,0
GIEAAASAIQGNVTS,1
YPPMVIRTLMSIIGR,0
FGYSQSATISSLVMA,0
AAGGNAAIVGQPDIG,0
RVLLKLGGNNAAIVA,0
LQNAASIAGLFLTTE,1
FLLVPVLILLTVSGR,1
RCALHWFPGSHLLAC,1
KITGTATGV,1
VELVHNFSLVHDDLM,0
TVSLPVGADEDDIKA,1
GWLLGNGGIGGAGGT,0
AGHGLNAQTGVYEDL,0
FVLALSQAGSTYAVA,0
SKVLRTVIPRSVKVS,0
EKSYGLLDDNVYTFL,1
ALRYDADDDYPAFCI,0
VLEDVRSIARSEGKS,0
MVASVTAAGGNAAIV,0
FVITNPEALTVAATE,0
LLGQNTAAIAAIEAQ,1
GPSLIGLAM,1
FAGIEAAASAIQGNV,1
DVTFENVQAGLRTDY,0
QGTGSGAGIAQAAAGTVNIG,1
WNFAGIEAAASAIQG,1
IALTEMDYFIRMWNQAALAMEVY,1
MHVFQALPRMTPEAA,0
VSGFNNSGNLTSGFG,0
AAEAAAIAALPPSED,0
SQTAQQAAQSAQGGSGPMPA,0
AAASIPTTGVLAAGA,0
ATGEFVKDEYDLAKA,0
KSLENYIAQTRDKFLSAATS,1
MQLVDRVRGAVTGMSRRLVV,0
DHGGVIFIDLRDASG,1
SLFPEFSEL,0
AQDRLLDNITALSAP,0
IMANRAQVL,1
DRLIADLRRNRGDRR,0
APVVILAHGFPELAY,1
ALSVLVGLTAATVAI,1
DLMNIVVLTAALSSL,0
AVAGAAILV,1
AGLGLRSAISSGLGS,0
LVEAIGIRELRQHAS,0
GYHSGASAAAEQLVP,0
LEERIAELAAQEDLD,0
TGIFGLVLVICVVLI,1
IAGLFLTTEAVVADK,1
AVGGAFVRLLDSSDE,0
FLLKASVRELRECVGSELLT,1
TIGDTTIPAGRRVLLLYGSA,1
AGGWLFGVGGAGGVS,0
LWLSVAAVAGALLALTRAIL,1
WLLSVLAAV,0
LPVEYLQVP,1
ALLALTRAILIRVRNASWQH,1
RRAITRPTHFVPTTEGFTAAARAGL,1
AIGRSGAAIGTATFV,0
LALVLLMLPV,0
LHRAFAYTSNIFIRD,0
SPEEILDVIADFEAM,1
GVGGAGGVGGAGGGT,0
ERRMLLRAYGAELIL,0
LLEQAVAVEEAIDTAAANQL,1
AIVPVPSKLSLKAAG,0
ATAMYDYAATSAAAR,0
AANKQKQELDEISTNIRQAG,1
AAQAAVVRFQEAANK,1
LAEFALHTPILGSEG,0
KLVANNTRL,1
APQDLAAATAKLVGQ,0
MTSLLFENMFEVIKH,0
IDELKTNSSLLTSILTYHVV,1
TQPLQQVTSLFSQVGGTGGGNPADE,1
RWPIRGAHGAHWAAG,0
DMANPMSPVNKSFEIEVTCS,1
MAMMARDTAEAAKWGG,1
LRTQPAIHYTEPPVLGIGPA,1
LPLVHCGGAATREQE,0
HPTTTYKAFDWDQAYRKPIT,1
ADTNGDPGR,1
QLIEKPVAPSVMPAAAAGSSATGGA,1
QGPASAAMAAAAAPY,0
AQEREEDDEDDWDEEDDW,0
LAIAVVQLVQGVQHL,0
CTSLRRLIVHRSVAD,0
AAMASASLV,1
AAAIAAVEAEYELMW,0
PSFAGLRPTFDTRLM,0
DELARAVRIGDWPAA,0
GRCGRIGRWGVHQEA,0
IEPFQREMTPPTPTP,0
RTLANGALAYEEVEI,0
NNSPAVYLLDGLRAQDDYNG,1
AMDYTTIVAAAASES,1
AIRRAYAEMVATSHEIDD,1
GAYAGAEAADAAALD,0
VEGAGDTDAIAGRVA,1
ARLVLDPGLGFAKTA,0
GSIRSLARAVVHAANLGVGV,1
ILLSIARVV,0
AIVLDRILLDLHADT,0
DVAAMSGYY,1
AAAVYDLFVKTLGVS,0
AEKFKEDVINDFVSS,1
ADQILRETLLTVSSD,1
AFIFADLLILPILNI,1
LRGLLSTFIAALMGA,1
ALLADGGIDRRGDAT,0
ALAMEVYQAETAVNTLFEKLEPMAS,1
VLRLALFAGILLGLF,0
TVSLLTIPFAAAAGTAVQDS,1
NLARTISEAGQAMASTEGNV,1
SLWKDGAPL,1
PDEACGVLAGPEGSDRPERHIPMTN,0
PQVQFYLSPAMLILL,0
MTEQQWNFAGIEAAASAIQG,1
DDLLPEAFAVAREAA,0
AAGSGGGSGGAGGGA,0
QQWNFAGIEAAASAIQGNVTSIHSL,1
GGVGGAGGNGGIGIT,0
PGNAAYAVVDEIRDI,0
WDINTPAFEWYYQSGLSIVM,1
ELAFSADTTADSLND,0
KPRDDAAAL,1
AMVRANRVQTTVLKA,0
YTYKWETFL,0
RDIAAHFNDPPEELI,0
WLGTANNPV,1
GINTIPIAL,1
VVANQPMHMSGAIDN,0
CRRYEVLLIFDEIAT,1
VLERPVGDSSDCGTIRVGSF,1
ITPELIPTGEEELQS,0
YWGAQLNAMKGDLQSSLGAG,1
AGAGGNGASAGTAGG,0
DQFVQLMSAGAAQYA,0
GGSSLGVGGVGGAGG,0
AHAQEYQRLSAQAAG,0
DSVYERLLSERIIFL,0
NFERISGDLKTQIDQ,0
ANEAETTTASGLVIPD,1
AGIMAALSIAEYAGS,0
TQVLAAAHDEVSTAI,0
PSLIGLAMGDAGGYKAADMW,1
QGLEYIIAFMGVLQA,0
ARLMAGAGPAPMLAAAAG,1
GAMGQGAQSGGSTRPGLVAPAPLAQ,1
SALTLAIYHPQQFVYAGAMS,1
IVQINGRHFDLRAQG,1
ASMSMAAAASPYVGW,1
AELLFGAGGAGGAGT,0
ARKRRMFDLLVRMGY,0
GAAGTAAQAAVVRFQEAAN,1
ILQEGAAAYAMAEAA,0
DQVHFQPLPPAVVKLSDALI,1
ATLAQEAGNFERISGDLK,1
EELGVTNKGRLVARL,0
VKSMILHEILPIDVS,0
HYYRIIRRVGDRPSTR,0
MSQIMYNYPAMLGHAGDM,1
ETTYVIGQANNVLAF,0
MAGISGAAKGAGAYA,0
AADELVGGPPVEASAAAL,1
AAHAGEYGQMVTLRG,1
DVLVPLLAAASDGPG,0
LVAQEAAAAGTPLVT,1
AAAPTTLLVAAAEDE,0
GAHGAHWAAGRRRGR,0
GEALSTLVVNKIRGT,1
AATGYASVIAELTGP,0
AITAMAGGHAVVLTG,0
GINTIPIAINEAEYV,1
DGLWLRIMNVPAALE,0
SQMIVAPAFVDAAAK,0
AMNEAFVAMLAPARI,1
AEIEVLADSVLLRTQ,0
VHQEAMMNLAIWHPR,0
QCKDIIDELERMQVF,1
KLQERLAKL,1
ALLPRAGAAAAAALP,1
DIDIESDQREKVIQY,0
ALLESEALAEMGGNASLKRTRITIA,1
SQVIEAVNLFRANVI,1
AMAGSIDLL,1
KLAGGVAVI,1
AAGWQTLSAALDAQAVELTARLNSL,1
ALAIIIAVL,1
AIYDTMQYV,1
SGNIGVFNTGANTLV,0
TATEALLPFEDAPLITNPGG,1
APPNLIRAILRAPVD,1
DGPGGSGASTAHDLV,0
HAGDLIAVI,1
VESAFHGLGGVADFATAAIG,0
AAADVYAKTDQSLGTSLSQY,0
MKLGWHPYHFPDEPDSKQ,1
MPVVLALAYFTAALL,0
AGALFERYESQFDSF,0
IRELRQHASRYLARV,0
LAAEIREFLIHKVAA,0
CGYCLRLKTALTANR,0
GEMDLRGVRWVAVSESEK,1
NGGSIGANSGIVGGS,0
RNRVGRQHGWPADVPSAE,1
DYVRMWVQAATAMSA,1
GLKRGIEKAVEKVTETL,1
AMVNTTTRL,1
AATGIAAVLTDGNPPEVKSV,1
LATRHASHRFSSIPMTAVSG,0
LIRVRLHELRLAPSN,0
ITVGLSRGWSLIKSVRLGNA,1
NDPTQQIPKLVANNT,1
TQWNQALEDLVRAYQ,0
RSAISAATAAAAAPT,0
GNNLPAKFLEGFVRTSNIKF,1
AGGAAAPAASVPAEP,0
GPMLAAAAAWEALAA,0
MLGHAGDMA,1
DIKVQFQSG,1
NTGAFISGNYSNGAF,0
CGSKPPSGSPETGAGAGTVA,1
ADGMSGAIAKAEELA,0
ATIFHDQFVQALTSG,0
RPKIDDHDY,1
VITMLWHAMPPELNTARLMAGAGPA,1
LNGPFQALFGRPLIG,0
AAPELVRLARRKSRI,0
LPLLVPLRAIPLLGN,1
ATGGAAPVGAGAMGQGAQ,1
DMWEHAFYLQ,1
DAATLAQEAGNFERI,1
TDRSHDGRTARVPGD,0
LAIYHPQQFVYAGAMSGLLD,1
GLDARAYRL,1
LGTSLSQYAFGSSGEGLAGV,0
TYDKGILTVSVAVSE,0
AYGSFVRTVSLPVGA,1
LVVDGANHYPEDIEA,0
AACGLVYELALLTLA,0
APDWLASAAAEVQSI,0
MPGRFRNFGSQNLGS,0
GVGGAGGAGGLLAGA,0
ESALFFIGVLIVALL,1
FVMTSSTTVFGDALT,0
WGLTTGSWIGSSAGLMVAAA,1
VVAEKVRNLPAGHGL,0
MNNVPQALQQLAQPTKSIWP,1
DNGIVTDTTASGTNC,0
FASGQLRELAYSVET,0
LRIEQLEQMVLEQFG,0
DDQLLAWAADDLVTV,0
AEMWAQDAA,1
ELPGVDPDKDVDIMV,1
TALGASITNLSSPLV,0
GIGNIGDRNLGI,0
GHVVRFLEAGSKVKV,1
GLLTINALVAAPEVM,0
QQIKFAALSARAVAL,1
GMNVTAPAL,1
DRAMEISQIVLQEKS,0
RKIVVWAVSATMRTE,0
EEAAQMGLLGTSPLSNHP,1
FVQALSTGAGAYASA,0
QGNVTSIHSLLDEGK,1
MMKYLAFGL,1
ARGYDVAFIRNVTDI,0
AELKDYTYELLFELY,0
HSFVQTLNAAGGAYS,0
TLADLEDIASAWVEH,0
LSRRTKNNPVLIGEP,0
RDSIVAINPLIRVRL,0
DLDGAWYAIAATDDA,0
EGRRTVTADWVVTFT,0
YRIAARPGAVTRRAA,1
NNALQNLARTISEAG,1
RVIPIAASTRESFTVNESRT,1
NVTSIHSLLDEGKQS,1
EGLLNYLALLGWSIA,0
ATGIVLMLGDQPQVA,1
KVRRKPFSVVLFDEI,0
QLAPGLQLI,0
NTGAFISGNYSNGVL,0
NALQNLARTISEAGQAMA,1
GAGGAGAAAAAGSSA,0
GTDVVTFVSSYTRSR,0
VDVEDGRVIVDEYQR,1
MKLTTMIKTAVAVVAMAAIATFAAP,1
AFISGNFNNGVLWVG,0
FQEAANKQKQELDEI,1
NLARTISEAGQAMAS,1
AHLIHFAAANLRNPG,1
DVLTTYILLPSQDLP,0
DDLGEHRR,1
AGEVFTAIARMYSDA,0
AVDAVFVGSCTNGRI,1
YLGLEVLTRARAALT,1
TEQQWNFAGIEAAAS,1
RVSGAAAACDFHTAS,0
AVDGRFAVPQILGDE,1
GDCLVAFDAPLVVAN,1
AGAAMLLTPGTAACNRDDVE,1
LREGVAMGAVTTERNPVPGCRVHPL,1
SSLEEITDIAEPGSA,0
AQTVEDEARRMWASA,1
GGVIRGEATEQLREL,0
ILVNVNFRYVEGELR,0
AMEYFRQVL,1
RFQEAANKQKQELDE,1
AVYLLDGLR,1
TVKSMILHEIL,1
GGWLMSFVTAAPEML,0
ARVQIHRANDQVRIY,1
AAAESAISAETEAAA,0
AIDTAAANQLMNNVPQALQQ,1
ARWMQLLAKHRAQIS,0
GQAYLAAMAAAANYG,0
LGFGRYLVSATTPFT,0
TRRRLLAVLIAL,1
EMKEGRYEV,0
GFTAAARAGLGWGMFPEKLAASPLA,1
VVSREHLIQQAIAAN,1
VVMTTTLSK,1
RACWAILRLLAVAGK,0
AQAAAAVGQAAAEAA,0
AANAAAAVPTTGALA,0
FTSGKQIFNSNYSGL,0
EITTFRADSYDRVSR,0
AGTLSTFFGVPLVLT,1
DNVAGKRVHNAIIRRMQRMSFEE,1
GYTSGTGQG,1
EGKQSLTKLAAAWGGSGSEAYQGVQ,1
ANSGIVGGSGGAGGA,0
AEPLAVDPTGLSAAAAKLAG,0
RQAGVQYSRADEEQQ,1
MVPVDLRRDWPTPLR,0
LDDPIVICSPRRRTL,0
LDLLYDVSHNLAKIE,0
AIRSTIRAANAAAAV,0
AAAPLALLAPRARLA,0
AQLQAVPGA,1
ADTLRTDRSRLRPLL,0
AERGFAYATDAPLDM,0
PQWILALIALTVVLS,0
DGGGGGTGGTAVAGT,0
FVRTVSLPVGADEDD,1
AAIAYATGASAGAQQ,0
GNPNRPYVFASTSKI,0
RTEQKDFDGRSEFAY,0
NQRQKFNPLVRLDSI,1
EPEQLAAAHELIDRGRAEVV,1
VKRGLTVAVAGAAILVAGLS,1
VVMPVGGQSSFYSDWYQPAC,0
AVSIGILLSLIAPLG,1
LLAAGVADPV,0
KYIAADRKI,1
GHLMADTDPLRLDKA,0
VVNKIRGTFK,1
SGLAGQSWQGAAAAA,0
VYVRKQIVHNTVVVA,0
IADPADIEVVQAEHQ,0
ANRAVKPTGSAAIGLSMAGS,1
SFALPAGWVESDAAHFDYGS,1
YFVTDPERQEAVLED,1
EKIGAELVKEVAKK,1
AGLPFLTHLLSRIAA,0
AVGAAAAAVEDLATE,0
VAKVNIKPLEDKILV,1
LTVDAGAYVSAEAAN,1
RANPCVAGGCAVGVV,0
EQFVRSLTAAGSAYA,0
MTEQQWNFAGIEAAASAIQGNVTSI,1
ARAYASISTNVPEQG,0
SLYFGGICV,1
DVKKFLRYNANKALM,0
FVVALIPLV,0
PARKSLEEFDFEHAR,0
LVGAVGGTATAGAFSRPGLP,0
ASAAALAGDAAGAWR,0
MAEAWFETVAIAQQR,1
NTVVNAAWVFDPGSA,0
MFVLRSHAAGLLREG,1
ALLGDAGVPFRVIPIAASTR,1
PYAWAGRCGRIGRWG,0
RLIPFAAPPK,1
GEQLVHDGAAVSPGA,0
AEATSAAPLQDLLGV,0
GGHNGVFDFPDSGTHSWEYW,0
QTYKWETFLTSELPG,1
ERLTGNFWLPEKIPL,0
MWRVRDYWDERLPTA,0
GGAGGLFGVSGSSGL,0
GADEDDIKA,0
GQAYQALSVQASAFH,0
ADLQHLSQAQLRELA,0
DRNLGIGNTGNW,0
IRLHTLLAVLTAAPLLLAAA,1
GPMQQLTQPLQQVTSLFS,1
GLEPGVVAEKVR,1
QNASGAITVVAERMG,0
ARRLAVVAGTAAAVT,0
DDMDDLRDFQVPYAK,0
FMAETSTTSGGLDSL,0
KLVANNTRLWVYCGNGTP,1
GKLIANNTRVWVYCG,1
FQSLIDLLHKIDPLE,0
TAAQAAVVRF,1
AVGVAALLPLPTVVA,1
HPQQFIYAGSLSALL,1
AGAGSYMAAEAAAAS,0
RVPARAYAIPRTPAA,0
ANVQQNLLNAINAPT,0
GLGNVNGVTLGYTSGTGQGN,1
MVWQREKLLQVNEIG,1
YNFLSTQLEDVKAAR,0
ALLQLDSEAVRRGVA,0
LGSTIGAANAAAAGS,0
INLIIHYVDRPGALG,1
FYGRNIFMAETSTTS,0
GNNNLGFGNNGNNNI,0
YEVRAELPGVDPDKDVDIMV,1
LAGDAAGAWRTAAVELARAL,1
FPDRASIIRLVGAVL,1
AGGFGGAGAGIANFL,1
AVDAADKVLGYRNWL,1
GTPFMGMAPLLINYI,0
AGSGPLFAAASAWEG,0
KLIANNTRV,1
LLAAADELVGGPPVE,0
GAAAAYEAAFAATVP,0
ASIIGIIIEILIQLF,0
AFHDQFVHTLTAAAR,0
RVPARAYAILRTPAA,0
ASGAGRAGVVPRYGV,0
ALTEMDYFIRMWNQAALAMEVYQAE,1
AATGYASVIAELTGV,0
ADAVWDTGIEFGTVG,0
SGNFLLPDAQSIQAAAAGFA,1
LGDIVYVHGAVISSR,1
TFNDLLQRLQDALER,0
AGVIVSHTNVIANVT,0
DVPIVGDVKAVITEL,0
AFATEAASMIASNTA,0
QNAPLIAAAEGVYEE,0
DALRLARRIAAAL,1
PAIAAIEAAYEQMWA,0
HASRYLARVEAGEEL,0
AELAEFAAAAAAAAQ,0
RTWLRAGAGIIEESE,0
TSIHSLLDEGKQSLT,1
VAKVNIKPLEDKILVQ,1
LTRAILIRV,1
GVAQRLLLQAQTALG,0
GSFGSAPSNGWLKLGLVEFG,1
RQRRALLKQHPEVVS,0
TIPEALAAV,1
ARYVELANALYMSGS,0
GSAACQGFITQLGRN,0
VQQKWDATATELNNAL,1
YNINISLPSYYPDQKSLENY,1
LNNALQNLARTISEA,1
FVSSYTRSRFASAFG,0
RVTVLHMLSMSNDRA,0
ANAQAALRIEQLEQM,0
PPADPNAPPPPVIAPNAPQP,1
ESFTVNESRTAKQYRFVLPG,1
KSLENYIAQTRDKFLSAATSSTPREAPYEL,1
DGRSEFAYGSFVRTV,1
ATYDKGILTV,0
AAGLARAAVSVFEEA,0
NAGAVTFLEDYVFRS,0
VEVWGRDVRDDRRVF,0
EPGETRFALVLSRLF,0
FLEGFVRTSNIKFQD,1
PEKLAASPLADGSFVRVCDIHLDVP,1
AGGAGGAGGATVVGL,0
ARMRIRRMTAPPDLR,0
IMYNYPAML,1
RLRPELAGL,0
APPPQRAAM,1
AADEVSTAVAALFSQ,0
FAMLPAYLLLVVHGQ,0
VLLPGLPYL,1
GSTINAANAAAALPT,1
NIGFFNSGNNNVGFF,0
ITNLVVFIPNNITAL,0
ELAYSVETTAESLED,0
SSYAATEVANAAAAS,1
MHQVDPNLTRRKGRLAALAI,1
FNLWGPAFHERYPNVTITA,1
APQPVRIDN,1
AAFQGAHARFVAAAA,1
KVVIDGKDQNV,1
DSTVITDGDIVNIDV,1
AAFYRLSSLRLWPDR,1
AARFVSQLGFAVAPR,0
AEVVFARGRFEPPGI,0
LDEGKQSLTKLAAAWG,1
YRVLWQAAGPDTISGATIPQGEQST,1
GLEPGVVAEKVRNLSV,1
ADKNPLFLDEQLTRA,1
DPDKDVDIMVRDGQL,0
HFKLVTEGIRVPAGQVYV,1
LSMAGSSAMILAAYHPQQFIYAGSLSAL,1
HAFGNASFDDLLAAL,0
ATMVLLIAQSTIQSA,0
AIATFAAPV,1
KPLVLILDDFAMREH,1
PYVIELYGQFCGQLT,1
EFQTVSNQL,1
HNDVVTVASAPKLRV,1
QQILAPKFALVAEVL,0
SAWQGDTGITYQGWQTQWNQ,1
GVTICQWTRYF,1
SPGFGTTVDFPAVPGALGEN,1
AMMARDTAE,1
DRFVQLLNAGGGSYA,0
RMFAANLGV,0
TAAQAAVVRFQEAAN,1
VKDEAFTTVVEDDTL,0
AVTFVNAPALAAERG,0
EAARAATVHPLLVAA,0
AGTAAQAAVVRFQEA,1
AVPEALAAAASDVAN,0
AISKSHSLRVADLVL,0
AGGNGGAAGSPGSVT,0
ERQILIDNNALGQFT,0
KTQGPGAWPK,1
ALVRRVAAAGFDTML,1
NYFHLLRRHALDGIQ,0
AASPPSTAAAPPAPATPVAP,1
AEKPATEQAEPVHEVTNDDQ,1
GASVTVTGQGNSLKVGNADVVCGGV,1
RSSLRRSRRRKLKLV,0
ALDAQAVEL,1
AASAAIANR,1
HRDRTLLLALLELED,0
DFVALDHVDFVVPTG,0
EQRDRILIITINRPKAKNAV,1
AARLLSIRAMSTKFS,1
IADAALAALGLWLSVAAVAG,1
AFGEAFLTHTSTSPN,0
GACVVWFFVLFDMLD,0
AVPPGGAGAAADQPD,0
AGLLEAEHQAIISDV,0
AKELFSRDKDYIVRD,0
AAQNGVQAMSSLGSS,0
AYLVLDPLIYFGPFA,0
LLSTRGYITAEKIRS,1
ETIPEFLAALEKPRR,0
SLSAAAAAWDELAAE,0
AGVGGTALTADLGNA,0
RCALHWFPGSHLLHV,1
EFLNRIDDIIVFHQL,0
RLASCRDAL,0
QSQRAEIYRDVLARL,0
DPNGGYWSLPSIFDS,0
MTEQQWNFAGIEAAA,1
DAFCWSMVRSLVGAL,0
ATTAGIPLLRLAAQTALLESEALAE,1
GFYNAAVNNTGIFVT,0
ATNFFGINTIPIAL,1
FMTRLGPLL,1
ILVAGLSGC,1
GRSSVAMAAAAAPYA,0
QVAMPILPQQALLYR,0
AASFVVQRLRAGSVP,0
SMSGTHESNTMAMLARDGAE,1
GGTIHIIVNNQIGFT,0
YAIGEHLSVEIAVAV,0
DGLYGAVRFAEAAAE,0
DVQPAEVVAAARDEGAGASP,1
RSGDLDVVAEVDDEQ,0
VESDAAHFDYGSALL,0
SLQGQWRGAAGTAAQAAV,0
GVIGSPAANAPDAGPPQRWF,1
AGAGAYAFAEAANAS,0
AAYHPQQFIYAGSLSALL,1
SIHSLLDEGKQSLTK,0
FVRSSNLKF,1
SLPEIAANHI,1
AAYTQAMATTPSLPEIAA,0
GRYRSNSQIQVWISG,0
DRMIHYRTIDSPIGP,1
PSLTVAEQEQCLDELRGAAA,1
AAHGGSGGAGGNGGA,0
ARFHQQFVQALTASV,1
LAAGDFWGGAGSVACQ,0
DRSRIEFAITILLLV,1
AILTGGQVISEEVGL,1
VEDEARRMWASAQNI,1
GELSKQTGQQVSIAPNAGLD,1
IWHPRKVQSATIYQV,1
AVPLRLLGGLHRMVL,1
GLRHTLKKLSGLRAR,0
GFGSFDQSMKFVAKI,0
EVTMLYVVASPDLMT,0
MRPDLRARLVRITDD,0
LLAAADELVGGPPVEASAAA,1
VPSPSMGRDIKVQFQSGGAN,1
AGGGAFVHIATATST,0
SRDETSAALAAVDVL,0
GTDTGQACQIQMSDPAYNIN,1
FPKGVMWRHEDIYRV,0
SGVRPQGNNNNNFIS,0
SIIIPTLNV,1
ALVRRAAAAGFDTML,1
RPEVVFHLAAQIDVR,0
EAANKQKQELDEIST,0
ARRGLERGLNALADAVKV,0
SDYDRLPVSGAVVLVDRGVCPFAQ,0
RYLARVEAGEELGVT,0
ANEIDYAHDLYDELG,0
AGGTAVAGTAGKAGD,0
FGMPSPGSSTPVGQLPPA,1
KAGLDRLRSVVHSLI,1
ESWLGPSSAAMAAAV,0
LTIVPSYNIHLFLEG,0
SEFAYGSFVRTVSLP,1
AEHQAIISDVLTASD,1
LRVADLVLVSPGSIP,0
DGYVRFCVMAPRQWRGLRRWLGEP,1
GGTDSLLSLPNIPLL,0
AAMAAQLQA,1
AAAYQYVRDFLSFLP,0
RCACGQQLA,1
MDVIRWARRLAVVAG,0
FLLVASFVNPHDIVL,0
DGGNGGAAGAATAGS,0
ADGHTHAWYTTPLLT,0
SGEGLAGVASVGGQPSQATQ,0
